Index,Y_Value
1501,332.36077880859375
2586,363.74658203125
2653,386.0527038574219
1055,368.6796875
705,336.421630859375
106,343.4995422363281
589,371.1104736328125
2468,355.6391906738281
2413,368.9942626953125
1600,299.9168701171875
2464,292.28131103515625
228,309.7115173339844
915,352.9653015136719
794,319.9065246582031
3021,389.7989807128906
3543,337.02215576171875
1073,363.37481689453125
3351,362.41680908203125
1744,378.6745300292969
1084,364.21844482421875
926,368.33648681640625
3049,368.77978515625
1117,347.5174865722656
642,376.2437438964844
4767,355.99664306640625
501,352.0644836425781
4066,388.05450439453125
333,319.02001953125
4684,304.5639343261719
486,370.33831787109375
1962,363.16033935546875
393,354.73834228515625
4842,394.7320556640625
4866,343.1992492675781
1755,350.92059326171875
2515,271.3050231933594
3585,358.32733154296875
4315,291.6521301269531
4966,369.49468994140625
2099,317.7188415527344
3599,400.2084655761719
4121,372.78338623046875
29,400.6231384277344
65,333.2901916503906
838,351.278076171875
3906,373.2266845703125
3773,360.62945556640625
4635,384.9802551269531
3161,297.44317626953125
2659,360.6866455078125
4615,354.82415771484375
4628,317.4614562988281
2451,349.6908874511719
2846,305.49334716796875
1144,356.010986328125
3078,318.6196594238281
1103,377.4447937011719
168,345.77301025390625
1670,351.80712890625
2570,352.3790588378906
2377,312.0279235839844
4395,353.2655944824219
4257,310.3406677246094
3862,355.1673278808594
23,331.8746032714844
2633,283.1300964355469
3340,367.9647216796875
2215,353.6945495605469
3682,355.35321044921875
4724,318.2764892578125
1907,305.77935791015625
84,340.4109802246094
227,275.1370544433594
296,295.1267395019531
1001,388.5406494140625
2138,348.6756896972656
711,298.6013488769531
2801,381.1625061035156
2527,361.3872985839844
3752,362.4311218261719
3321,371.4393310546875
3181,362.3453063964844
4183,367.82177734375
1615,294.62628173828125
3024,306.5657958984375
1413,383.75054931640625
763,282.5152282714844
655,327.1131591796875
4797,372.21148681640625
3849,365.8771057128906
4153,357.1691589355469
468,371.0246887207031
157,299.8024597167969
1295,378.60302734375
497,386.1528015136719
4740,385.1090087890625
2940,351.66412353515625
3456,297.71484375
373,393.6024169921875
79,344.80072021484375
1553,335.4064636230469
1669,275.3658447265625
2131,337.22235107421875
4439,321.7796936035156
465,361.7161865234375
248,278.59735107421875
931,384.322509765625
1335,334.5484924316406
4524,367.6358642578125
1338,305.6506652832031
1406,340.453857421875
1090,312.11370849609375
4209,333.8335876464844
742,353.0653991699219
2323,357.8268737792969
3601,334.3340148925781
2123,354.30938720703125
2094,353.8089294433594
240,413.4348449707031
2351,279.2408142089844
1370,373.669921875
1057,271.6910400390625
4816,347.7891540527344
199,339.3671569824219
2280,329.2436218261719
4749,364.876220703125
2220,345.42987060546875
4771,315.6455078125
2819,391.5577087402344
3150,379.9184875488281
4256,356.4399108886719
3107,280.47052001953125
1973,311.9278259277344
1375,363.68939208984375
3968,367.79315185546875
4062,282.8584289550781
4445,283.2015686035156
3557,321.2649230957031
964,372.282958984375
179,304.16357421875
3698,366.4204406738281
3821,320.23541259765625
4878,294.569091796875
3899,363.58929443359375
4487,313.27191162109375
3238,320.37841796875
2974,294.9408874511719
3580,366.0201110839844
2887,370.0809326171875
2575,382.6210021972656
1419,304.6354675292969
3907,374.44207763671875
4673,361.4873962402344
4902,307.1091613769531
1860,374.4849853515625
8,342.1840515136719
2894,335.94976806640625
2847,281.1425476074219
3664,348.761474609375
144,382.1491394042969
2104,377.544921875
3143,367.6644592285156
841,357.9985046386719
1128,375.5002136230469
151,338.2804870605469
3591,372.4402770996094
1052,313.47210693359375
1590,308.0814514160156
3008,372.7977600097656
2029,364.6903076171875
3418,399.2933654785156
1807,382.1062316894531
2696,369.69488525390625
3039,363.8752746582031
472,348.6614074707031
3289,405.2845458984375
4074,349.362060546875
3496,308.4818115234375
279,357.7983093261719
1741,310.8268127441406
4624,400.5802307128906
2886,274.3935241699219
1941,352.46484375
100,362.1737365722656
2804,323.7672119140625
3570,292.5101013183594
3684,321.33642578125
3661,340.2823181152344
530,363.0030517578125
1886,282.47235107421875
681,357.5123291015625
3794,375.228515625
3944,319.3202819824219
4666,303.2198486328125
2018,370.3811950683594
1096,330.0300598144531
829,374.87103271484375
2805,365.5196533203125
3829,299.23052978515625
4381,350.5774230957031
3891,366.9638366699219
764,359.17095947265625
2767,406.885986328125
4328,380.96234130859375
3295,339.95343017578125
2194,285.2891845703125
2357,291.494873046875
3425,295.527099609375
3979,372.0684814453125
911,372.8692321777344
3145,341.3689880371094
999,378.4600524902344
3653,300.2457275390625
2483,368.9656982421875
4076,364.53302001953125
2370,392.6444396972656
4838,326.1407775878906
33,347.403076171875
3789,395.21820068359375
1020,374.12750244140625
1647,382.2206115722656
733,378.7889099121094
4582,321.765380859375
3274,344.65771484375
1620,357.626708984375
3135,347.01702880859375
2689,293.4823913574219
2707,356.1682434082031
297,319.5776672363281
2339,326.4696960449219
653,349.7480773925781
3774,391.21453857421875
1255,361.4158935546875
4520,385.7666931152344
230,367.3212890625
3276,340.2394104003906
3230,338.25189208984375
691,388.35479736328125
2754,372.4974365234375
4863,353.76605224609375
969,373.9559326171875
633,285.31781005859375
4092,347.4459533691406
4077,347.703369140625
1321,302.4620361328125
1831,325.8548278808594
2178,275.17999267578125
1417,367.2926940917969
1782,372.5403137207031
4715,352.0359191894531
4701,375.74322509765625
4118,298.18670654296875
1652,369.1372375488281
1483,311.37017822265625
2275,355.8965759277344
877,362.5740966796875
3525,307.5809631347656
2016,294.7835998535156
426,306.9947509765625
626,357.15484619140625
1589,359.05657958984375
2223,393.0591125488281
2217,349.5622253417969
4483,334.4054870605469
1485,276.3238830566406
1739,370.7243957519531
2480,325.0255432128906
2584,385.8525085449219
2893,371.2677307128906
149,378.0310363769531
676,400.8662109375
1261,384.1080322265625
4917,366.5777587890625
12,361.9878234863281
1833,334.3626403808594
3248,307.1377258300781
1491,380.5905456542969
2727,365.5196533203125
3686,328.7431945800781
1424,293.1678161621094
4605,325.61175537109375
4595,386.4244079589844
731,402.1102294921875
1231,323.52410888671875
1634,378.24554443359375
3936,351.4639587402344
1210,377.61639404296875
3268,362.5884094238281
1934,342.2412414550781
553,385.20904541015625
491,301.24664306640625
2962,340.8399658203125
2329,328.714599609375
2195,371.85400390625
3064,313.6722717285156
657,353.5229797363281
2374,386.7962341308594
2225,364.3614501953125
4264,291.5663757324219
1170,358.255859375
132,374.6852111816406
471,270.4327697753906
3225,331.1739501953125
1405,359.0995178222656
2876,387.0679016113281
4504,348.4325866699219
4692,344.1429748535156
2826,385.7953186035156
287,392.57293701171875
1869,290.9372253417969
3114,313.3434143066406
3625,274.03607177734375
2312,350.2056579589844
4923,293.0963439941406
1618,363.68939208984375
994,320.8931579589844
1803,388.1974792480469
2642,379.07489013671875
4802,322.7091064453125
3535,366.9208984375
4831,372.4688720703125
3911,302.8338317871094
2107,343.9141845703125
3044,323.9388122558594
416,375.5859680175781
977,364.7760925292969
2417,328.6287841796875
505,400.7518310546875
4152,375.72900390625
4255,356.5543212890625
3941,370.0523681640625
414,321.5365905761719
4148,327.2704162597656
1183,393.0162048339844
485,295.29833984375
893,392.830322265625
805,350.1055908203125
555,332.6324768066406
3825,324.03887939453125
1197,349.8768005371094
4253,382.4636535644531
4058,382.7496643066406
1293,301.37530517578125
2221,302.5907287597656
3504,369.59478759765625
3654,388.9553527832031
4758,385.4664306640625
3006,376.8728942871094
2093,306.3798828125
2187,323.82440185546875
3036,366.9066467285156
3918,385.8954162597656
1272,386.6246337890625
290,368.20782470703125
4827,353.76605224609375
252,278.8261413574219
3245,370.9532165527344
350,363.0316467285156
1187,349.64801025390625
1961,353.194091796875
422,378.77459716796875
90,385.92401123046875
3729,294.6692199707031
2236,300.2600402832031
670,328.5001220703125
3040,328.4285888671875
26,323.6957092285156
429,299.03033447265625
683,270.947509765625
4463,386.2099609375
3945,354.1378173828125
3523,354.1950378417969
1541,287.84869384765625
2031,387.9544372558594
2232,297.7291564941406
4120,286.7333679199219
3235,379.71832275390625
254,363.4034423828125
1029,389.2413024902344
4392,378.374267578125
3800,295.6129455566406
4310,341.7836608886719
2509,307.9098815917969
2292,367.2497863769531
1323,337.5512390136719
1550,297.6004333496094
4647,384.2510681152344
315,356.62579345703125
1242,347.7176818847656
2450,384.12237548828125
1578,361.24432373046875
4625,382.13482666015625
3116,356.3827209472656
69,316.8608703613281
859,330.3303527832031
2753,375.228515625
1632,358.2844543457031
1650,380.5047607421875
3860,321.27923583984375
3106,385.7524108886719
1074,354.29510498046875
4001,273.6785888671875
787,311.47027587890625
2605,394.5175476074219
3630,363.9181823730469
2121,338.2804870605469
1874,381.4627380371094
811,371.2820739746094
387,289.85052490234375
2882,297.9579162597656
1175,320.02093505859375
3197,365.6197204589844
2623,395.0323181152344
1351,351.6212158203125
410,364.1612854003906
4212,403.74029541015625
109,374.2561950683594
4995,307.46661376953125
3429,381.07672119140625
2809,356.0824279785156
2594,288.7923889160156
2836,344.7292175292969
2372,346.90264892578125
1235,371.75390625
2146,343.6139221191406
4975,384.67999267578125
599,317.76171875
1434,369.0371398925781
4996,345.32977294921875
538,324.03887939453125
721,395.4755859375
4410,371.4822082519531
1872,327.6421813964844
2845,382.5924072265625
2053,345.1439208984375
2907,372.5117492675781
2254,358.0842590332031
3912,390.2136535644531
177,310.6552429199219
2890,348.9330749511719
3673,374.22760009765625
80,378.87469482421875
2561,287.74859619140625
1723,290.9658203125
1617,373.240966796875
1654,345.286865234375
2328,326.72705078125
4613,373.5555419921875
221,312.8715515136719
93,305.26458740234375
2609,349.5908203125
3382,341.0115661621094
4415,392.5586242675781
1397,339.3385925292969
4686,321.19342041015625
1292,372.4688720703125
2164,375.3143005371094
2939,378.0310363769531
3668,271.19061279296875
812,370.9532165527344
1258,371.3392333984375
889,348.5898742675781
1451,383.9651184082031
3316,389.0411376953125
2559,363.646484375
3574,372.1971740722656
2680,310.08331298828125
4651,357.55523681640625
4811,373.6413269042969
4679,382.06329345703125
2964,381.8059387207031
2672,299.7881774902344
561,375.71466064453125
2778,279.48388671875
2948,356.7402038574219
2817,379.3179626464844
2758,372.02557373046875
1756,378.073974609375
724,316.4891662597656
219,335.0203552246094
4139,369.39459228515625
3957,298.8158874511719
1588,379.68975830078125
3347,334.1195373535156
3970,383.464599609375
4707,385.6952209472656
43,338.56646728515625
3001,390.642578125
210,323.39544677734375
677,353.6945495605469
354,365.8485107421875
1433,330.1445007324219
949,354.2807922363281
2843,309.8402099609375
577,287.5769958496094
3928,329.62969970703125
544,368.3936767578125
367,396.89117431640625
1612,288.8495788574219
3550,358.684814453125
