Index,Y_Actual,Y_Predict,Structure_Index,Per_Structure_SHAP,Y_Pred_minus_Per_Structure_SHAP
1501,332.3607788085937,329.8444,1501,-14.551230036801938,344.39563003680195
2586,363.74658203125,362.63995,2586,17.23301532075569,345.40693467924433
2653,386.0527038574219,370.8345,2653,27.800731099033435,343.03376890096655
1055,368.6796875,378.9301,1055,39.53534096190207,339.3947590380979
705,336.421630859375,335.57196,705,-2.1620785075649263,337.7340385075649
106,343.4995422363281,331.978,106,-10.20799254583414,342.18599254583415
589,371.1104736328125,371.31876,589,27.07244283576493,344.24631716423505
2468,355.6391906738281,359.49762,2468,18.52251196254623,340.97510803745377
2413,368.9942321777344,353.98724,2413,11.591634328053242,342.3956056719467
1600,299.9168701171875,286.61935,1600,-56.6916330298951,343.3109830298951
2464,292.28131103515625,288.36563,2464,-55.9711856607201,344.3368156607201
228,309.7115173339844,318.47684,228,-27.852379758858905,346.32921975885887
915,352.9653015136719,359.30328,915,12.956996169178971,346.346283830821
794,319.9065246582031,324.07538,794,-25.960062580794435,350.03544258079444
3021,389.7989807128906,377.71524,3021,32.85104228210666,344.8641977178933
3543,337.02215576171875,346.0546,3543,-0.3571886707349199,346.4117886707349
1073,363.3748168945313,360.71198,1073,14.250449924902115,346.46153007509787
3351,362.4168090820313,362.84244,3351,17.962067542886462,344.88037245711354
1744,378.6745300292969,367.2798,1744,20.65340917659331,346.6263908234067
1084,364.2184448242188,365.86636,1084,18.2730680354179,347.5932919645821
926,368.3364868164063,375.8842,926,31.981466554559105,343.9027334454409
3049,368.77978515625,377.69058,3049,33.51173626799112,344.1788437320089
1117,347.5174865722656,347.74713,1117,0.4183862064417032,347.3287437935583
642,376.2437438964844,370.68478,642,26.33533732803676,344.34944267196323
4767,355.99664306640625,360.00092,4767,16.678945668332144,343.3219743316679
501,352.0644836425781,354.42935,501,4.180869945897493,350.2484800541025
4066,388.0545043945313,387.3115,4066,42.55271023141247,344.7587897685876
333,319.02001953125,320.9093,333,-24.051594465897352,344.96089446589735
4684,304.5639343261719,310.07907,4684,-35.66831786423194,345.74738786423194
486,370.33831787109375,374.6533,486,31.467665485232285,343.18563451476774
1962,363.1603393554688,366.62503,1962,20.86140743959225,345.7636225604077
393,354.73834228515625,355.9628,393,13.655980753850896,342.30681924614913
4842,394.7320556640625,396.29202,4842,54.50431715800951,341.7877028419905
4866,343.1992492675781,338.9195,4866,-6.040476078134206,344.9599760781342
1755,350.92059326171875,346.9089,1755,1.3002890057722492,345.6086109942278
2515,271.3050231933594,287.74045,2515,-58.50758728442204,346.248037284422
3585,358.32733154296875,362.313,3585,14.55995071491489,347.7530492850851
4315,291.6521301269531,278.80414,4315,-65.95510962746818,344.7592496274682
4966,369.4946899414063,366.73236,4966,22.918926596838677,343.81343340316135
2099,317.7188415527344,321.21558,2099,-21.99787639170515,343.21345639170517
3599,400.2084655761719,398.17838,3599,54.747925012943945,343.43045498705607
4121,372.7833862304688,373.61398,4121,29.242821892104804,344.3711581078952
29,400.6231384277344,387.171,29,43.94248891834123,343.2285110816588
65,333.2901916503906,325.8016,65,-18.78413713391842,344.5857371339184
838,351.278076171875,360.4182,838,17.806220734910113,342.6119792650899
3906,373.2266845703125,372.15732,3906,27.663423410050985,344.49389658994903
3773,360.6294555664063,363.8473,3773,22.181515361525907,341.6657846384741
4635,384.9802551269531,375.32397,4635,33.85550173498679,341.4684682650132
3161,297.44317626953125,293.1699,3161,-48.33262590312236,341.5025259031223
2659,360.6866455078125,363.77917,2659,18.824855461820334,344.9543145381797
4615,354.8241577148437,357.0075,4615,8.418424838319968,348.58907516168
4628,317.4614562988281,315.3852,4628,-30.651389452221125,346.0365894522211
2451,349.6908874511719,345.74057,2451,-5.964109315932426,351.7046793159324
2846,305.49334716796875,305.2581,2846,-41.28035530713015,346.53845530713016
1144,356.010986328125,353.03555,1144,5.546396228347122,347.48915377165287
3078,318.6196594238281,318.4169,3078,-28.394306683410814,346.81120668341083
1103,377.4447937011719,375.4703,1103,32.236873528072245,343.23342647192777
168,345.77301025390625,343.94907,168,-3.6169500407917674,347.5660200407918
1670,351.80712890625,350.65396,1670,5.712284326413942,344.941675673586
2570,352.3790588378906,351.5862,2570,10.10958696925774,341.47661303074227
2377,312.0279235839844,310.57367,2377,-34.195575625473765,344.7692456254738
4395,353.2655944824219,347.26962,4395,0.8700907895135026,346.3995292104865
4257,310.3406677246094,310.69217,4257,-38.94338233920526,349.6355523392052
3862,355.1673278808594,363.81747,3862,17.19521374595612,346.6222562540439
23,331.8746032714844,331.11392,23,-10.698124183647522,341.8120441836475
2633,283.1300964355469,283.59415,2633,-66.05486237304501,349.649012373045
3340,367.9647216796875,348.12863,3340,4.054348233973596,344.0742817660264
2215,353.6945495605469,349.17502,2215,4.015321188179442,345.1596988118206
3682,355.35321044921875,351.44186,3682,6.857917160036993,344.583942839963
4724,318.2764892578125,325.41125,4724,-16.195492896089327,341.6067428960893
1907,305.77935791015625,306.18143,1907,-38.13156672211643,344.3129967221164
84,340.4109802246094,348.22495,84,0.8561056325460532,347.3688443674539
227,275.1370544433594,280.41608,227,-64.3147615581132,344.73084155811324
296,295.1267395019531,295.48398,296,-52.289270985493495,347.77325098549346
1001,388.5406494140625,379.15668,1001,31.51764468450309,347.6390353154969
2138,348.6756896972656,332.88876,2138,-10.100851540394096,342.9896115403941
711,298.6013488769531,296.6459,711,-42.5397210797891,339.1856210797891
2801,381.1625061035156,384.05026,2801,37.61741080467436,346.4328491953256
2527,361.3872985839844,355.68985,2527,12.194994425271844,343.49485557472815
3752,362.4311218261719,353.19507,3752,5.5851194594483164,347.60995054055167
3321,371.4393310546875,363.98865,3321,17.27849075652281,346.7101592434772
3181,362.3453063964844,353.6542,3181,8.497221718950303,345.1569782810497
4183,367.82177734375,370.24258,4183,30.900124621052026,339.34245537894793
1615,294.62628173828125,286.7173,1615,-60.63817029774135,347.35547029774136
3024,306.5657958984375,305.8784,3024,-40.410675506420375,346.2890755064204
1413,383.7505493164063,380.80234,1413,36.90806569990513,343.8942743000949
763,282.5152282714844,283.72098,763,-62.47184479731138,346.19282479731135
655,327.1131591796875,314.58746,655,-32.75932377795179,347.3467837779518
4797,372.2114868164063,367.84445,4797,23.482015067564934,344.36243493243506
3849,365.8771057128906,357.625,3849,10.51724209373717,347.1077579062628
4153,357.1691589355469,364.40915,4153,21.776935247659,342.632214752341
468,371.0246887207031,365.05304,468,23.500502318648987,341.552537681351
157,299.8024597167969,295.42798,157,-50.74235904732036,346.17033904732034
1295,378.60302734375,380.3492,1295,34.99972476227773,345.3494752377223
497,386.1528015136719,376.4667,497,31.616552105840334,344.85014789415965
4740,385.1090087890625,386.26675,4740,43.45170635830984,342.8150436416902
2940,351.66412353515625,343.82693,2940,-2.590218140985656,346.41714814098566
3456,297.71484375,297.55835,3456,-47.06519954332496,344.623549543325
373,393.6024169921875,392.30692,373,42.90167985568384,349.40524014431617
79,344.8007202148437,367.1059,79,23.05945359917694,344.0464464008231
1553,335.4064636230469,351.47867,1553,7.93539369671168,343.54327630328834
1669,275.3658447265625,282.7414,1669,-60.94593438179544,343.68733438179544
2131,337.22235107421875,342.947,2131,-0.7794155961872704,343.7264155961873
4439,321.7796936035156,311.40283,4439,-34.898261486988005,346.301091486988
465,361.7161865234375,367.67136,465,21.71022843672757,345.96113156327243
248,278.59735107421875,288.13705,248,-56.6886567551892,344.8257067551892
931,384.322509765625,381.24258,931,31.41927238026295,349.823307619737
1335,334.5484924316406,327.8365,1335,-18.688348129291093,346.5248481292911
4524,367.6358642578125,362.27115,4524,12.736943648574428,349.53420635142555
1338,305.6506652832031,311.35703,1338,-35.68400360110843,347.04103360110844
1406,340.453857421875,341.44507,1406,-11.57778938485545,353.02285938485545
1090,312.1137084960937,316.56204,1090,-31.344578255097648,347.90661825509767
4209,333.8335876464844,353.0931,4209,6.832607518566395,346.2604924814336
742,353.0653991699219,343.503,742,-3.706271970537979,347.20927197053794
2323,357.8268737792969,361.10178,2323,14.113882649470565,346.98789735052947
3601,334.3340148925781,339.39343,3601,-7.199453193342981,346.592883193343
2123,354.30938720703125,353.6796,2123,11.262944555021836,342.4166554449782
2094,353.8089294433594,356.7619,2094,13.721148122328067,343.04075187767194
240,413.4348449707031,402.0305,240,59.72870001664346,342.30179998335655
2351,279.2408142089844,275.94345,2351,-72.63182057793574,348.5752705779357
1370,373.669921875,377.57922,1370,30.972443121195347,346.6067768788047
1057,271.6910400390625,283.4163,1057,-60.80748404860808,344.2237840486081
4816,347.7891540527344,342.7347,4816,3.912098870152801,338.82260112984716
199,339.3671569824219,341.79208,199,-5.414102825469518,347.2061828254695
2280,329.2436218261719,331.15573,2280,-11.30814031725869,342.4638703172587
4749,364.876220703125,356.8782,4749,11.389930663175791,345.4882693368242
2220,345.42987060546875,357.0887,2220,13.898966056165625,343.18973394383437
4771,315.6455078125,320.36105,4771,-21.888810613887568,342.24986061388756
2819,391.5577087402344,384.92896,2819,39.380620083369806,345.5483399166302
3150,379.9184875488281,377.43326,3150,27.20958670207458,350.2236732979254
4256,356.4399108886719,358.74295,4256,15.56479478596097,343.17815521403907
3107,280.47052001953125,288.749,3107,-59.427444209491085,348.17644420949114
1973,311.9278259277344,315.3055,1973,-29.936434155412652,345.24193415541265
1375,363.68939208984375,369.55698,1375,21.438004143853817,348.1189758561462
3968,367.7931518554688,371.70273,3968,28.95956989865997,342.74316010134
4062,282.8583984375,274.68478,4062,-68.53275040885863,343.21753040885864
4445,283.2015686035156,292.03726,4445,-50.854485511567546,342.89174551156754
3557,321.2649230957031,316.63565,3557,-33.62794080044856,350.2635908004486
964,372.282958984375,368.7593,964,23.527750639850524,345.2315493601495
179,304.16357421875,294.6992,179,-51.46323788864061,346.1624378886406
3698,366.4204406738281,375.3243,3698,32.57078098092894,342.75351901907106
3821,320.23541259765625,329.64667,3821,-20.458536640506043,350.105206640506
4878,294.569091796875,304.39658,4878,-36.86984830129212,341.2664283012921
3899,363.58929443359375,360.62717,3899,16.56742950363761,344.0597404963624
4487,313.2719116210937,325.50974,4487,-20.483240209314257,345.9929802093143
3238,320.37841796875,332.22678,3238,-12.320787823263046,344.5475678232631
2974,294.9408874511719,286.18176,2974,-59.72568204948176,345.90744204948174
3580,366.0201110839844,357.89264,3580,8.56187200105339,349.33076799894656
2887,370.0809326171875,373.14435,2887,28.87965304131579,344.26469695868417
2575,382.6210021972656,377.90012,2575,31.26690281225644,346.6332171877436
1419,304.6354675292969,309.37378,1419,-36.114362318222405,345.4881423182224
3907,374.4420776367188,371.17874,3907,23.48800037572845,347.69073962427154
4673,361.4873962402344,379.96304,4673,37.2057181811957,342.75732181880426
4902,307.1091613769531,318.26584,4902,-27.6275527737431,345.89339277374313
1860,374.4849853515625,381.0751,1860,35.07297669424937,346.0021233057507
8,342.1840515136719,336.07974,8,-10.672571287347507,346.75231128734754
2894,335.94976806640625,334.48117,2894,-8.30035172395468,342.7815217239547
2847,281.1425476074219,277.80472,2847,-65.58965972902425,343.3943797290242
3664,348.761474609375,343.52933,3664,-0.7094036378996642,344.23873363789966
144,382.1491394042969,384.6531,144,43.126200768017945,341.52689923198204
2104,377.544921875,365.9647,2104,20.399097311848784,345.5656026881512
3143,367.6644592285156,363.94122,3143,18.37427001265221,345.56694998734775
841,357.9985046386719,361.27545,841,19.370095002896903,341.9053549971031
1128,375.5002136230469,371.7468,1128,31.629183152792358,340.11761684720767
151,338.2804870605469,319.38943,151,-27.904905975124787,347.2943359751248
3591,372.4402770996094,371.83163,3591,25.68002081605583,346.1516091839442
1052,313.4721069335937,312.47202,1052,-34.32150176743564,346.7935217674356
1590,308.0814514160156,304.45834,1590,-38.12364367663941,342.5819836766394
3008,372.7977600097656,365.1367,3008,22.10982351582499,343.02687648417503
2029,364.6903076171875,363.36795,2029,16.052580080839782,347.3153699191602
3418,399.2933654785156,383.01212,3418,35.3075911546814,347.7045288453186
1807,382.1062316894531,374.31284,1807,27.236277675064255,347.07656232493576
2696,369.6948852539063,373.567,2696,31.367897164232414,342.1991028357676
3039,363.8752746582031,359.68008,3039,10.33167069963532,349.34840930036466
472,348.6614074707031,335.19714,472,-7.5184316299010945,342.7155716299011
3289,405.2845458984375,394.90845,3289,54.29125795228326,340.61719204771674
4074,349.362060546875,349.5201,4074,5.124741582403186,344.3953584175968
3496,308.4818115234375,326.52087,3496,-15.366310777643164,341.88718077764315
279,357.7983093261719,354.38507,279,11.052841949101133,343.33222805089883
1741,310.8268127441406,323.66287,1741,-21.21642626670894,344.87929626670893
4624,400.5802307128906,396.39355,4624,54.647680434996175,341.74586956500383
2886,274.3935241699219,285.29642,2886,-57.52961653144338,342.8260365314434
1941,352.46484375,345.12564,1941,6.266908676061651,338.85873132393834
100,362.1737365722656,368.37814,100,21.913650767290584,346.4644892327094
2804,323.7672119140625,337.4531,2804,-9.776779009692508,347.2298790096925
3570,292.5101013183594,298.32852,3570,-47.37309450664704,345.70161450664705
3684,321.33642578125,304.06674,3684,-36.81282889045987,340.87956889045984
3661,340.2823181152344,347.84732,3661,4.77169124134439,343.0756287586556
530,363.0030517578125,356.03214,530,9.181555280858756,346.8505847191413
1886,282.47235107421875,287.05215,1886,-60.270038533070505,347.3221885330705
681,357.5123291015625,354.7513,681,13.463062234120736,341.2882377658793
3794,375.228515625,368.67386,3794,24.63375637994002,344.04010362006
3944,319.3202819824219,308.13666,3944,-34.560608906990275,342.6972689069903
4666,303.2198486328125,305.68265,4666,-41.94559218745738,347.62824218745743
2018,370.3811950683594,362.59598,2018,14.871669737700527,347.72431026229947
1096,330.0300598144531,332.8433,1096,-14.886934590055018,347.73023459005503
829,374.87103271484375,380.17307,829,35.997413940073166,344.17565605992684
2805,365.5196533203125,370.11823,2805,26.774074395422463,343.3441556045775
3829,299.23052978515625,298.73166,3829,-44.02835497409634,342.7600149740963
4381,350.5774230957031,359.64026,4381,16.2456207078861,343.39463929211394
3891,366.9638366699219,370.01422,3891,25.391419576509477,344.62280042349056
764,359.17095947265625,359.66086,764,14.426374556767591,345.2344854432324
2767,406.885986328125,400.90097,2767,53.85511931127493,347.04585068872507
4328,380.96234130859375,375.22775,4328,35.001459875996936,340.22629012400307
3295,339.95343017578125,330.85434,3295,-12.45857857455648,343.3129185745565
2194,285.2891845703125,275.70175,2194,-74.80923333682301,350.510983336823
2357,291.494873046875,291.44748,2357,-59.213765808252354,350.6612458082523
3425,295.527099609375,291.5452,3425,-55.1119145272035,346.65711452720353
3979,372.0684814453125,360.34067,3979,14.359586933235734,345.98108306676426
911,372.8692321777344,367.671,911,17.230568978546604,350.4404310214534
3145,341.3689880371094,341.52103,3145,-3.1053230780568835,344.62635307805687
999,378.4600524902344,375.64154,999,29.14752109999992,346.4940189000001
3653,300.2457275390625,317.28964,3653,-26.185870747423277,343.4755107474233
2483,368.9656982421875,369.09738,2483,22.66706837813801,346.43031162186196
4076,364.5330200195313,372.10703,4076,24.316312768292317,347.7907172317077
2370,392.6444396972656,391.60568,2370,47.58866870970195,344.01701129029806
4838,326.1407775878906,324.78583,4838,-19.229019084815707,344.0148490848157
33,347.403076171875,354.55875,33,11.276742497981427,343.28200750201853
3789,395.21820068359375,394.3126,3789,45.293865508285705,349.01873449171427
1020,374.1275024414063,381.4962,1020,41.84729709397078,339.6489029060292
1647,382.2206115722656,386.52783,1647,44.25187807399259,342.2759519260074
733,378.7889099121094,377.16177,733,29.931658102945804,347.2301118970542
4582,321.765380859375,308.14407,4582,-40.35611499053594,348.50018499053596
3274,344.65771484375,350.18362,3274,7.889179814729874,342.29444018527016
1620,357.626708984375,361.55573,1620,13.75696006888907,347.79876993111094
3135,347.0169982910156,336.1169,3135,-9.807560516897984,345.92446051689797
2689,293.4823913574219,302.45596,2689,-41.68285987681127,344.1388198768113
2707,356.1682434082031,364.09976,2707,19.285317680169943,344.81444231983005
297,319.5776672363281,318.91464,297,-33.272358133644474,352.18699813364447
2339,326.4696960449219,319.82614,2339,-22.455965873319222,342.2821058733192
653,349.7480773925781,359.47903,653,15.376163969644876,344.10286603035513
3774,391.2145385742188,388.9602,3774,44.75626878583858,344.2039312141614
1255,361.4158935546875,363.97342,1255,26.8210962913286,337.15232370867136
4520,385.7666931152344,371.80933,4520,24.222762855658715,347.5865671443413
230,367.3212890625,365.75174,230,19.714944772854487,346.0367952271455
3276,340.2394104003906,338.47586,3276,-12.00744388416026,350.48330388416025
3230,338.2518920898437,347.94656,3230,8.849390857338365,339.0971691426616
691,388.3547973632813,389.18246,691,46.67300876512529,342.5094512348747
2754,372.4974365234375,358.50308,2754,14.04214288017514,344.46093711982485
4863,353.7660522460937,349.82144,4863,4.771104479075062,345.05033552092493
969,373.9559326171875,369.97708,969,21.175574697605622,348.8015053023944
633,285.3178100585937,288.86972,633,-58.49447725894779,347.36419725894774
4092,347.4459533691406,352.14807,4092,7.959231559863859,344.1888384401362
4077,347.703369140625,354.0358,4077,4.493661967189826,349.54213803281016
1321,302.4620361328125,292.5839,1321,-50.66879623506193,343.252696235062
1831,325.8548278808594,322.81412,1831,-20.83699550086192,343.6511155008619
2178,275.17999267578125,279.15506,2178,-64.96412985388866,344.11918985388866
1417,367.2926940917969,366.5297,1417,21.73995180614157,344.78974819385843
1782,372.5403137207031,376.28043,1782,34.15057410123007,342.12985589876996
4715,352.0359191894531,338.12558,4715,-8.438093372757985,346.563673372758
4701,375.74322509765625,373.1189,4701,28.88838763821193,344.23051236178804
4118,298.18670654296875,289.27054,4118,-54.5089075753336,343.77944757533356
1652,369.1372375488281,381.74393,1652,32.20085098291817,349.5430790170818
1483,311.37017822265625,323.17273,1483,-19.773336811059103,342.9460668110591
2275,355.8965759277344,361.17117,2275,16.193948157674885,344.97722184232515
877,362.5740966796875,373.80905,877,21.90038055984256,351.90866944015744
3525,307.5809631347656,303.26273,3525,-41.17891725945516,344.4416472594551
2016,294.7835998535156,293.94705,2016,-51.65986769145268,345.6069176914527
426,306.9947509765625,308.66113,426,-36.26958851135371,344.93071851135375
626,357.15484619140625,363.99704,626,17.835449412714638,346.1615905872854
1589,359.0565795898437,353.89517,1589,4.4859972418268645,349.40917275817316
2223,393.0591125488281,394.66068,2223,56.22354748021236,338.43713251978767
2217,349.5622253417969,355.6542,2217,7.411431474161287,348.2427685258387
4483,334.4054870605469,343.00674,4483,-3.8631047266897816,346.86984472668973
1485,276.3238830566406,292.03705,1485,-56.917115318976855,348.9541653189769
1739,370.724365234375,363.0501,1739,19.192482589524232,343.85761741047577
2480,325.0255432128906,326.39578,2480,-17.936217369924684,344.3319973699247
2584,385.8525085449219,383.70792,2584,40.99798855559928,342.7099314444007
2893,371.2677307128906,373.2742,2893,28.142448981967785,345.1317510180322
149,378.0310363769531,381.6307,149,44.04224077452531,337.5884592254747
676,400.8662109375,401.71747,676,50.93926013302261,350.77820986697736
1261,384.1080322265625,385.5942,1261,41.19155972485678,344.4026402751432
4917,366.5777587890625,367.33746,4917,24.09895246429952,343.2385075357005
12,361.9878234863281,359.21005,12,17.757697673737088,341.45235232626294
1833,334.3626403808594,324.90134,1833,-21.994980615871143,346.89632061587116
3248,307.1377258300781,301.91287,3248,-41.81390955972128,343.7267795597213
1491,380.5905456542969,379.9617,1491,34.3853955196337,345.57630448036633
2727,365.5196533203125,378.39905,2727,30.90683528046062,347.4922147195394
3686,328.7431945800781,329.43307,3686,-15.441553789882771,344.8746237898828
1424,293.1678161621094,285.54477,1424,-55.39963786927271,340.9444078692727
4605,325.6117553710937,330.05496,4605,-11.707371891906377,341.76233189190634
4595,386.4244079589844,379.77463,4595,37.84452617380633,341.93010382619366
731,402.1102294921875,400.87003,731,56.63281745447944,344.23721254552055
1231,323.52410888671875,323.89606,1231,-20.12924655280656,344.0253065528065
1634,378.24554443359375,372.67255,1634,28.051949681072045,344.6206003189279
3936,351.4639587402344,345.1773,3936,1.278717042663628,343.8985829573364
1210,377.6163940429688,370.42966,1210,23.356305048671217,347.0733549513288
3268,362.5884094238281,370.26096,3268,27.424806755781503,342.8361532442185
1934,342.2412414550781,330.57913,1934,-10.437551903738065,341.01668190373806
553,385.20904541015625,382.77982,553,41.2046593745287,341.57516062547126
491,301.24664306640625,322.1525,491,-28.43494262837843,350.5874426283784
2962,340.8399658203125,334.60825,2962,-11.466217277612811,346.0744672776128
2329,328.714599609375,317.4294,2329,-29.236299742965567,346.66569974296556
2195,371.85400390625,373.3334,2195,23.249551517983758,350.0838484820162
3064,313.6722717285156,322.49307,3064,-20.031387909172008,342.524457909172
657,353.5229797363281,353.8777,657,6.510709028938719,347.3669909710613
2374,386.7962341308594,384.6249,2374,38.71281554354836,345.9120844564517
2225,364.3614501953125,365.2211,2225,17.641465022881157,347.5796349771188
4264,291.5663757324219,281.77756,4264,-68.67203770619189,350.44959770619187
1170,358.255859375,359.6376,1170,14.538874886886806,345.09872511311323
132,374.6852111816406,370.98325,132,23.66859422073288,347.3146557792671
471,270.4327697753906,284.3151,471,-68.41897747141908,352.734077471419
3225,331.1739501953125,331.14688,3225,-14.181640478868996,345.328520478869
1405,359.0995178222656,371.37347,1405,25.011540414411783,346.3619295855882
2876,387.0679016113281,377.04398,2876,33.85505737327106,343.1889226267289
4504,348.4325866699219,347.42374,4504,11.604774268143547,335.81896573185645
4692,344.1429748535156,353.14032,4692,3.02836872651629,350.11195127348367
2826,385.7953186035156,386.6276,2826,42.03243086476687,344.5951691352331
287,392.5729370117188,376.02423,287,27.628517152585687,348.3957128474143
1869,290.9372253417969,295.21976,1869,-51.33706974155044,346.5568297415505
3114,313.3434143066406,321.37845,3114,-28.815887524317123,350.1943375243171
3625,274.0360717773437,277.06308,3625,-65.6888501211122,342.7519301211122
2312,350.2056579589844,350.5413,2312,5.881488075466272,344.6598119245337
4923,293.0963439941406,290.8552,4923,-57.77461123070013,348.62981123070017
1618,363.68939208984375,357.71744,1618,8.523401981164422,349.1940380188356
994,320.8931579589844,323.08807,994,-22.746341636477013,345.83441163647706
1803,388.1974792480469,390.00784,1803,51.07571087553465,338.93212912446535
2642,379.0748901367188,375.11563,2642,28.611146987110622,346.5044830128894
4802,322.7091064453125,326.50583,4802,-22.53285439693074,349.03868439693076
3535,366.9208984375,368.27838,3535,26.530846917985343,341.7475330820147
4831,372.4688720703125,362.7109,4831,21.092398385907217,341.6185016140928
3911,302.8338317871094,311.43472,3911,-33.786289083305896,345.22100908330594
2107,343.9141845703125,336.47897,2107,-7.59476858101632,344.0737385810163
3044,323.9388122558594,329.47745,3044,-14.007905015835789,343.48535501583575
416,375.5859680175781,377.09552,416,32.6312459824755,344.46427401752453
977,364.7760925292969,371.98343,977,26.777044331451066,345.20638566854893
2417,328.6287841796875,337.7025,2417,-12.252927906694769,349.95542790669475
505,400.7518310546875,392.95297,505,50.24776199795646,342.70520800204355
4152,375.72900390625,380.53696,4152,35.339215767327474,345.19774423267256
4255,356.5543212890625,360.65073,4255,18.67552812759164,341.9752018724084
3941,370.0523071289063,370.6375,3941,26.26303648543861,344.3744635145614
414,321.5365905761719,320.95084,414,-25.91741018348867,346.8682501834887
4148,327.2704162597656,342.82602,4148,-1.3086368093542746,344.1346568093543
1183,393.0162048339844,388.43845,1183,45.8985975001835,342.5398524998165
485,295.29833984375,288.0093,485,-55.096753822078,343.106053822078
893,392.830322265625,401.8629,893,55.214955891487136,346.6479441085129
805,350.1055908203125,346.47452,805,5.814453850525877,340.6600661494741
555,332.6324768066406,330.5552,555,-19.04917176460976,349.60437176460977
3825,324.03887939453125,338.1705,3825,-8.464471656907385,346.6349716569074
1197,349.8768005371094,354.20486,1197,3.821886887602005,350.382973112398
4253,382.4636535644531,378.0829,4253,35.932232821594766,342.15066717840523
4058,382.7496643066406,386.26663,4058,41.90856461644374,344.35806538355627
1293,301.37530517578125,304.33206,1293,-39.4251901789352,343.75725017893524
2221,302.5907287597656,296.7204,2221,-46.51376565560124,343.2341656556012
3504,369.59478759765625,363.03632,3504,18.640559953227594,344.3957600467724
3654,388.9553527832031,374.31686,3654,26.68777810401372,347.6290818959863
4758,385.4664306640625,374.52567,4758,27.324133509451023,347.20153649054896
3006,376.8728942871094,371.8431,3006,25.724614047409997,346.11848595259
2093,306.3798828125,311.77103,2093,-33.794792384511595,345.5658223845116
2187,323.82440185546875,327.23853,2187,-20.61826830099953,347.85679830099957
3036,366.9066162109375,375.28238,3036,29.7729454689806,345.5094345310194
3918,385.8954162597656,387.879,3918,40.11579811804671,347.7632018819533
1272,386.6246337890625,382.5336,1272,38.20121683295605,344.33238316704393
290,368.2078247070313,365.75327,290,22.86911063535305,342.88415936464696
4827,353.7660522460937,353.2626,4827,9.012911157741293,344.2496888422587
252,278.8261413574219,285.4042,252,-62.1112396141881,347.5154396141881
3245,370.9532165527344,364.30103,3245,17.54757692753549,346.75345307246454
350,363.0316467285156,368.5723,350,19.75633429061701,348.81596570938297
1187,349.64801025390625,360.8121,1187,16.464464753395582,344.3476352466044
1961,353.194091796875,361.55258,1961,16.2453846278921,345.30719537210786
422,378.7745971679688,386.6279,422,41.41089841965943,345.2170015803406
90,385.9240112304688,386.0305,90,43.31589270206796,342.71460729793205
3729,294.6692199707031,284.59067,3729,-56.98430296441919,341.5749729644192
2236,300.2600402832031,298.38745,2236,-46.905531735918856,345.29298173591883
670,328.5001220703125,319.59048,670,-27.95058182619441,347.54106182619444
3040,328.4285888671875,332.93436,3040,-15.310169054430506,348.24452905443053
26,323.6957092285156,316.4015,26,-24.979599886893222,341.3810998868932
429,299.03033447265625,291.37888,429,-56.71078713485053,348.0896671348505
683,270.947509765625,272.5391,683,-74.72525181517882,347.2643518151788
4463,386.2099609375,394.34854,4463,47.07422640877181,347.2743135912282
3945,354.1378173828125,345.92297,3945,-0.4889801090605377,346.41195010906057
3523,354.1950378417969,360.251,3523,14.125381036181295,346.1256189638187
1541,287.84869384765625,295.34634,1541,-51.24261311130484,346.5889531113048
2031,387.9544372558594,379.13992,2031,35.34434647492595,343.7955735250741
2232,297.7291564941406,297.00397,2232,-47.06562533954117,344.06959533954114
4120,286.7333679199219,286.21283,4120,-59.25529017983219,345.46812017983217
3235,379.7183227539063,373.3384,3235,25.205254665958197,348.1331453340418
254,363.4034423828125,367.3121,254,21.45364017350433,345.8584598264957
1029,389.2413024902344,387.95572,1029,43.36972675104522,344.58599324895476
4392,378.374267578125,365.83127,4392,22.38036040244121,343.4509095975588
3800,295.6129455566406,301.4242,3800,-40.06387570289706,341.48807570289705
4310,341.7836608886719,327.7364,4310,-16.12330630264258,343.85970630264256
2509,307.9098815917969,313.71335,2509,-33.026484514840085,346.7398345148401
2292,367.2497863769531,363.8021,2292,16.899362719123403,346.9027372808766
1323,337.5512390136719,326.82562,1323,-18.999541959787432,345.82516195978747
1550,297.6004333496094,303.54672,1550,-38.24007200253662,341.78679200253663
4647,384.2510681152344,380.4515,4647,31.39776679664699,349.05373320335303
315,356.62579345703125,358.76028,315,17.066714304976507,341.6935656950235
1242,347.7176818847656,342.83765,1242,-1.7829666531261896,344.6206166531262
2450,384.1223754882813,379.11002,2450,28.28392393192217,350.82609606807785
1578,361.2443237304688,353.36392,1578,8.697215483366563,344.66670451663344
4625,382.13482666015625,377.74176,4625,32.83904465637556,344.90271534362444
3116,356.3827209472656,355.1653,3116,9.644268027584951,345.5210319724151
69,316.8608703613281,316.6503,69,-31.7883504097313,348.43865040973134
859,330.3303527832031,327.24704,859,-17.21906347073131,344.46610347073135
2753,375.228515625,382.2523,2753,34.592987225593866,347.65931277440615
1632,358.2844543457031,349.4299,1632,5.70502258307306,343.7248774169269
1650,380.5047607421875,388.49,1650,39.584826325577495,348.9051736744225
3860,321.2792358398437,313.5378,3860,-24.512847070434617,338.0506470704346
3106,385.7524108886719,379.20645,3106,32.53384190085361,346.67260809914643
1074,354.29510498046875,369.4189,1074,23.115595534312643,346.30330446568735
4001,273.6785888671875,277.2129,4001,-69.81145349572236,347.0243534957224
787,311.47027587890625,312.4227,787,-29.644936152560824,342.06763615256085
2605,394.5175476074219,393.30197,2605,51.61311145644154,341.68885854355847
3630,363.9181823730469,362.97318,3630,16.508192979606566,346.46498702039344
2121,338.2804870605469,331.9606,2121,-16.025930353544506,347.9865303535445
1874,381.4627380371094,378.03726,1874,34.08539660087856,343.95186339912146
811,371.2820739746094,382.74893,811,38.27927516705661,344.4696548329434
387,289.8505249023437,302.55014,387,-45.04670400254507,347.5968440025451
2882,297.9579162597656,293.76764,2882,-55.63726393379923,349.40490393379923
1175,320.0209350585937,329.2459,1175,-16.68159894137606,345.9274989413761
3197,365.6197204589844,366.26334,3197,22.103005261600988,344.16033473839906
2623,395.0323181152344,392.58096,2623,46.03872784024507,346.5422321597549
1351,351.6212158203125,361.49332,1351,12.782053307916948,348.71126669208303
410,364.1612854003906,363.26053,410,16.069121749826383,347.19140825017365
4212,403.74029541015625,400.6677,4212,53.31865680874788,347.3490431912521
109,374.2561950683594,362.53018,109,18.30607251165141,344.2241074883486
4995,307.46661376953125,309.5867,4995,-33.414848980264054,343.00154898026403
3429,381.0767211914063,378.99258,3429,36.25494044094437,342.7376395590556
2809,356.0824279785156,358.37686,2809,12.25096736061984,346.1258926393802
2594,288.7923889160156,275.2297,2594,-65.3255085032327,340.5552085032327
2836,344.7292175292969,341.05588,2836,-6.563879038543584,347.6197590385436
2372,346.90264892578125,343.45682,2372,1.6044318996350238,341.852388100365
1235,371.75390625,369.90884,1235,22.65281294292156,347.2560270570784
2146,343.6139221191406,346.1047,2146,4.199066109490195,341.90563389050976
4975,384.6799926757813,385.62515,4975,38.68506811890343,346.9400818810966
599,317.76171875,320.7258,599,-22.582032483006927,343.3078324830069
1434,369.0371398925781,370.02432,1434,22.71313816086341,347.31118183913657
4996,345.32977294921875,350.72543,4996,3.611530806560514,347.1138991934395
538,324.03887939453125,324.53073,538,-21.40570384493582,345.93643384493583
721,395.4755859375,380.57492,721,35.25332219772858,345.3215978022714
4410,371.4822082519531,369.65143,4410,24.828100828590323,344.8233291714097
1872,327.6421813964844,320.85898,1872,-27.03461560395351,347.8935956039535
2845,382.5924072265625,386.08853,2845,32.235483719382415,353.8530462806176
2053,345.1439208984375,351.39267,2053,8.61018719067609,342.78248280932394
2907,372.5117492675781,371.73196,2907,24.30152303290036,347.43043696709964
2254,358.0842590332031,346.81924,2254,2.022585547018149,344.79665445298184
3912,390.2136535644531,396.5936,3912,52.72319080558414,343.87040919441586
177,310.6552429199219,310.2667,177,-33.049219316898466,343.3159193168985
2890,348.9330749511719,352.8743,2890,9.675310393882787,343.1989896061172
3673,374.22760009765625,382.72336,3673,38.53798016671094,344.18537983328906
80,378.8746948242188,384.1525,80,41.73881529015154,342.41368470984844
2561,287.74859619140625,298.19638,2561,-45.132202665810816,343.3285826658108
1723,290.9658203125,288.69193,1723,-53.33828064281309,342.03021064281313
1617,373.240966796875,369.99973,1617,23.654182734463824,346.3455472655362
1654,345.286865234375,358.06284,1654,15.12778806346262,342.9350519365374
2328,326.72705078125,318.5704,2328,-18.680300604246774,337.2507006042468
4613,373.5555419921875,370.5528,4613,21.40923609647869,349.1435639035213
221,312.8715515136719,320.60526,221,-20.34032287583979,340.94558287583976
93,305.2645874023437,308.46915,93,-40.78654271084105,349.25569271084106
2609,349.5908203125,358.61786,2609,7.100892339688087,351.51696766031193
3382,341.0115661621094,340.97202,3382,-3.774131157251377,344.74615115725135
4415,392.5586242675781,385.0616,4415,37.496424416201606,347.5651755837984
1397,339.33856201171875,345.80234,1397,5.635441201880193,340.1668987981198
4686,321.19342041015625,325.06375,4686,-18.269836727470665,343.3335867274707
1292,372.4688720703125,377.41208,1292,30.558029313751742,346.8540506862483
2164,375.3143005371094,367.32797,2164,20.973666499527752,346.35430350047227
2939,378.0310363769531,372.91837,2939,29.17275468724203,343.74561531275793
3668,271.19061279296875,281.7372,3668,-60.44013359446706,342.17733359446703
812,370.9532165527344,364.2949,812,18.61450458356644,345.68039541643356
1258,371.3392333984375,376.97012,1258,32.75162495771325,344.21849504228675
889,348.5898742675781,345.43152,889,2.1277834851470296,343.303736514853
1451,383.9651184082031,373.44986,1451,29.118643727167147,344.3312162728329
3316,389.0411376953125,385.30295,3316,44.125009090597736,341.17794090940225
2559,363.646484375,363.93332,2559,18.438438198379743,345.49488180162024
3574,372.1971740722656,364.6892,3574,17.214901272825625,347.4742987271744
2680,310.08331298828125,311.66165,2680,-34.00549118310891,345.6671411831089
4651,357.55523681640625,355.65323,4651,11.998490614061232,343.6547393859388
4811,373.6413269042969,373.38437,4811,30.87330551029637,342.51106448970364
4679,382.0632934570313,383.88016,4679,42.881822735402345,340.99833726459764
2964,381.8059387207031,372.62173,2964,29.405899513828054,343.21583048617197
2672,299.7881774902344,299.5082,2672,-49.61216097876952,349.1203609787695
561,375.7146606445313,366.82895,561,19.31329833091989,347.5156516690801
2778,279.48388671875,283.08728,2778,-57.16016170065716,340.2474417006572
2948,356.7402038574219,361.68552,2948,8.5165191650792,353.1690008349208
2817,379.3179626464844,379.85904,2817,33.88813333541771,345.9709066645823
2758,372.0255737304688,365.0483,2758,20.563771564515733,344.48452843548426
1756,378.073974609375,370.89984,1756,25.25172024500375,345.64811975499623
724,316.4891662597656,314.07437,724,-31.116523279241637,345.1908932792416
219,335.0203552246094,320.48068,219,-21.9216840724344,342.4023640724344
4139,369.39459228515625,361.50308,4139,15.064595897071396,346.4384841029286
3957,298.8158874511719,303.29572,3957,-45.072251214749365,348.3679712147494
1588,379.6897583007813,378.74374,1588,33.74136405119948,345.00237594880053
3347,334.1195373535156,338.7452,3347,-7.070915773926636,345.81611577392664
3970,383.464599609375,382.681,3970,40.574556805805,342.106443194195
4707,385.6952209472656,384.4766,4707,35.63138879610245,348.8452112038976
43,338.56646728515625,351.21225,43,5.552745087345755,345.65950491265426
3001,390.642578125,377.47964,3001,32.78686776761432,344.6927722323857
210,323.3954467773437,323.57602,210,-20.495222988598314,344.0712429885983
677,353.6945495605469,351.47766,677,6.480124181967803,344.9975358180322
354,365.8485107421875,354.86765,354,7.064293278849876,347.8033567211501
1433,330.1445007324219,311.49036,1433,-28.74123135402856,340.2315913540286
949,354.2807922363281,357.2815,949,12.33343798963576,344.94806201036425
2843,309.8402099609375,319.52866,2843,-23.2026937982006,342.7313537982006
577,287.5769958496094,278.5295,577,-62.90575887957896,341.43525887957895
3928,329.62969970703125,330.89432,3928,-15.068436275659009,345.962756275659
544,368.3936767578125,360.36533,544,19.484412510621897,340.8809174893781
367,396.8911437988281,408.04187,367,60.51583530105138,347.52603469894865
1612,288.8495788574219,296.70944,1612,-47.45586616310071,344.1653061631007
3550,358.684814453125,340.63254,3550,-7.184180377188108,347.8167203771881
