3801,1
3807,1201
3809,1601
3811,2001
3813,2401
3815,2801
3817,3201
3803,401
3819,3601
3805,801
3802,4
3808,1204
3810,1604
3812,2004
3814,2404
3816,2804
3818,3204
3820,3604
3804,404
3806,804
3861,121
3867,1321
3869,1721
3871,2121
3873,2521
3875,2921
3877,3321
3863,521
3879,3721
3865,921
3862,124
3868,1324
3870,1724
3872,2124
3874,2524
3876,2924
3878,3324
3880,3724
3864,524
3866,924
3881,161
3887,1361
3889,1761
3891,2161
3893,2561
3895,2961
3897,3361
3883,561
3899,3761
3885,961
3882,164
3888,1364
3890,1764
3892,2164
3894,2564
3896,2964
3898,3364
3900,3764
3884,564
3886,964
3901,201
3907,1401
3909,1801
3911,2201
3913,2601
3915,3001
3917,3401
3903,601
3919,3801
3905,1001
3902,204
3908,1404
3910,1804
3912,2204
3914,2604
3916,3004
3918,3404
3920,3804
3904,604
3906,1004
3921,241
3927,1441
3929,1841
3931,2241
3933,2641
3935,3041
3937,3441
3923,641
3939,3841
3925,1041
3922,244
3928,1444
3930,1844
3932,2244
3934,2644
3936,3044
3938,3444
3940,3844
3924,644
3926,1044
3941,281
3947,1481
3949,1881
3951,2281
3953,2681
3955,3081
3957,3481
3943,681
3959,3881
3945,1081
3942,284
3948,1484
3950,1884
3952,2284
3954,2684
3956,3084
3958,3484
3960,3884
3944,684
3946,1084
3961,321
3967,1521
3969,1921
3971,2321
3973,2721
3975,3121
3977,3521
3963,721
3979,3921
3965,1121
3821,41
3827,1241
3829,1641
3831,2041
3833,2441
3835,2841
3837,3241
3823,441
3839,3641
3825,841
3962,324
3968,1524
3970,1924
3972,2324
3974,2724
3976,3124
3978,3524
3980,3924
3964,724
3966,1124
3981,361
3987,1561
3989,1961
3991,2361
3993,2761
3995,3161
3997,3561
3983,761
3999,3961
3985,1161
3982,364
3988,1564
3990,1964
3992,2364
3994,2764
3996,3164
3998,3564
4000,3964
3984,764
3986,1164
3822,44
3828,1244
3830,1644
3832,2044
3834,2444
3836,2844
3838,3244
3840,3644
3824,444
3826,844
3841,81
3847,1281
3849,1681
3851,2081
3853,2481
3855,2881
3857,3281
3843,481
3859,3681
3845,881
3842,84
3848,1284
3850,1684
3852,2084
3854,2484
3856,2884
3858,3284
3860,3684
3844,484
3846,884
3403,3
3415,1203
3419,1603
3423,2003
3427,2403
3431,2803
3435,3203
3439,3603
3407,403
3411,803
3404,2
3416,1202
3420,1602
3424,2002
3428,2402
3432,2802
3436,3202
3408,402
3440,3602
3412,802
3523,123
3535,1323
3539,1723
3543,2123
3547,2523
3551,2923
3555,3323
3559,3723
3527,523
3531,923
3524,122
3536,1322
3540,1722
3544,2122
3548,2522
3552,2922
3556,3322
3528,522
3560,3722
3532,922
3563,163
3575,1363
3579,1763
3583,2163
3587,2563
3591,2963
3595,3363
3599,3763
3567,563
3571,963
3564,162
3576,1362
3580,1762
3584,2162
3588,2562
3592,2962
3596,3362
3568,562
3600,3762
3572,962
3603,203
3615,1403
3619,1803
3623,2203
3627,2603
3631,3003
3635,3403
3639,3803
3607,603
3611,1003
3604,202
3616,1402
3620,1802
3624,2202
3628,2602
3632,3002
3636,3402
3608,602
3640,3802
3612,1002
3643,243
3655,1443
3659,1843
3663,2243
3667,2643
3671,3043
3675,3443
3679,3843
3647,643
3651,1043
3644,242
3656,1442
3660,1842
3664,2242
3668,2642
3672,3042
3676,3442
3648,642
3680,3842
3652,1042
3683,283
3695,1483
3699,1883
3703,2283
3707,2683
3711,3083
3715,3483
3719,3883
3687,683
3691,1083
3684,282
3696,1482
3700,1882
3704,2282
3708,2682
3712,3082
3716,3482
3688,682
3720,3882
3692,1082
3723,323
3735,1523
3739,1923
3743,2323
3747,2723
3751,3123
3755,3523
3759,3923
3727,723
3731,1123
3443,43
3455,1243
3459,1643
3463,2043
3467,2443
3471,2843
3475,3243
3479,3643
3447,443
3451,843
3724,322
3736,1522
3740,1922
3744,2322
3748,2722
3752,3122
3756,3522
3728,722
3760,3922
3732,1122
3763,363
3775,1563
3779,1963
3783,2363
3787,2763
3791,3163
3795,3563
3799,3963
3767,763
3771,1163
3764,362
3776,1562
3780,1962
3784,2362
3788,2762
3792,3162
3796,3562
3768,762
3800,3962
3772,1162
3444,42
3456,1242
3460,1642
3464,2042
3468,2442
3472,2842
3476,3242
3448,442
3480,3642
3452,842
3483,83
3495,1283
3499,1683
3503,2083
3507,2483
3511,2883
3515,3283
3519,3683
3487,483
3491,883
3484,82
3496,1282
3500,1682
3504,2082
3508,2482
3512,2882
3516,3282
3488,482
3520,3682
3492,882
2601,13
2613,1213
2617,1613
2621,2013
2625,2413
2629,2813
2633,3213
2605,413
2637,3613
2609,813
2602,16
2614,1216
2618,1616
2622,2016
2626,2416
2630,2816
2634,3216
2638,3616
2606,416
2610,816
2721,133
2733,1333
2737,1733
2741,2133
2745,2533
2749,2933
2753,3333
2725,533
2757,3733
2729,933
2722,136
2734,1336
2738,1736
2742,2136
2746,2536
2750,2936
2754,3336
2758,3736
2726,536
2730,936
2761,173
2773,1373
2777,1773
2781,2173
2785,2573
2789,2973
2793,3373
2765,573
2797,3773
2769,973
2762,176
2774,1376
2778,1776
2782,2176
2786,2576
2790,2976
2794,3376
2798,3776
2766,576
2770,976
2801,213
2813,1413
2817,1813
2821,2213
2825,2613
2829,3013
2833,3413
2805,613
2837,3813
2809,1013
2802,216
2814,1416
2818,1816
2822,2216
2826,2616
2830,3016
2834,3416
2838,3816
2806,616
2810,1016
2841,253
2853,1453
2857,1853
2861,2253
2865,2653
2869,3053
2873,3453
2845,653
2877,3853
2849,1053
2842,256
2854,1456
2858,1856
2862,2256
2866,2656
2870,3056
2874,3456
2878,3856
2846,656
2850,1056
2881,293
2893,1493
2897,1893
2901,2293
2905,2693
2909,3093
2913,3493
2885,693
2917,3893
2889,1093
2882,296
2894,1496
2898,1896
2902,2296
2906,2696
2910,3096
2914,3496
2918,3896
2886,696
2890,1096
2921,333
2933,1533
2937,1933
2941,2333
2945,2733
2949,3133
2953,3533
2925,733
2957,3933
2929,1133
2641,53
2653,1253
2657,1653
2661,2053
2665,2453
2669,2853
2673,3253
2645,453
2677,3653
2649,853
2922,336
2934,1536
2938,1936
2942,2336
2946,2736
2950,3136
2954,3536
2958,3936
2926,736
2930,1136
2961,373
2973,1573
2977,1973
2981,2373
2985,2773
2989,3173
2993,3573
2965,773
2997,3973
2969,1173
2962,376
2974,1576
2978,1976
2982,2376
2986,2776
2990,3176
2994,3576
2998,3976
2966,776
2970,1176
2642,56
2654,1256
2658,1656
2662,2056
2666,2456
2670,2856
2674,3256
2678,3656
2646,456
2650,856
2681,93
2693,1293
2697,1693
2701,2093
2705,2493
2709,2893
2713,3293
2685,493
2717,3693
2689,893
2682,96
2694,1296
2698,1696
2702,2096
2706,2496
2710,2896
2714,3296
2718,3696
2686,496
2690,896
2203,15
2215,1215
2219,1615
2223,2015
2227,2415
2231,2815
2235,3215
2239,3615
2207,415
2211,815
2204,14
2216,1214
2220,1614
2224,2014
2228,2414
2232,2814
2236,3214
2208,414
2240,3614
2212,814
2323,135
2335,1335
2339,1735
2343,2135
2347,2535
2351,2935
2355,3335
2359,3735
2327,535
2331,935
2324,134
2336,1334
2340,1734
2344,2134
2348,2534
2352,2934
2356,3334
2328,534
2360,3734
2332,934
2363,175
2375,1375
2379,1775
2383,2175
2387,2575
2391,2975
2395,3375
2399,3775
2367,575
2371,975
2364,174
2376,1374
2380,1774
2384,2174
2388,2574
2392,2974
2396,3374
2368,574
2400,3774
2372,974
2403,215
2415,1415
2419,1815
2423,2215
2427,2615
2431,3015
2435,3415
2439,3815
2407,615
2411,1015
2404,214
2416,1414
2420,1814
2424,2214
2428,2614
2432,3014
2436,3414
2408,614
2440,3814
2412,1014
2443,255
2455,1455
2459,1855
2463,2255
2467,2655
2471,3055
2475,3455
2479,3855
2447,655
2451,1055
2444,254
2456,1454
2460,1854
2464,2254
2468,2654
2472,3054
2476,3454
2448,654
2480,3854
2452,1054
2483,295
2495,1495
2499,1895
2503,2295
2507,2695
2511,3095
2515,3495
2519,3895
2487,695
2491,1095
2484,294
2496,1494
2500,1894
2504,2294
2508,2694
2512,3094
2516,3494
2488,694
2520,3894
2492,1094
2523,335
2535,1535
2539,1935
2543,2335
2547,2735
2551,3135
2555,3535
2559,3935
2527,735
2531,1135
2243,55
2255,1255
2259,1655
2263,2055
2267,2455
2271,2855
2275,3255
2279,3655
2247,455
2251,855
2524,334
2536,1534
2540,1934
2544,2334
2548,2734
2552,3134
2556,3534
2528,734
2560,3934
2532,1134
2563,375
2575,1575
2579,1975
2583,2375
2587,2775
2591,3175
2595,3575
2599,3975
2567,775
2571,1175
2564,374
2576,1574
2580,1974
2584,2374
2588,2774
2592,3174
2596,3574
2568,774
2600,3974
2572,1174
2244,54
2256,1254
2260,1654
2264,2054
2268,2454
2272,2854
2276,3254
2248,454
2280,3654
2252,854
2283,95
2295,1295
2299,1695
2303,2095
2307,2495
2311,2895
2315,3295
2319,3695
2287,495
2291,895
2284,94
2296,1294
2300,1694
2304,2094
2308,2494
2312,2894
2316,3294
2288,494
2320,3694
2292,894
2201,17
2213,1217
2217,1617
2221,2017
2225,2417
2229,2817
2233,3217
2205,417
2237,3617
2209,817
2202,20
2214,1220
2218,1620
2222,2020
2226,2420
2230,2820
2234,3220
2238,3620
2206,420
2210,820
2321,137
2333,1337
2337,1737
2341,2137
2345,2537
2349,2937
2353,3337
2325,537
2357,3737
2329,937
2322,140
2334,1340
2338,1740
2342,2140
2346,2540
2350,2940
2354,3340
2358,3740
2326,540
2330,940
2361,177
2373,1377
2377,1777
2381,2177
2385,2577
2389,2977
2393,3377
2365,577
2397,3777
2369,977
2362,180
2374,1380
2378,1780
2382,2180
2386,2580
2390,2980
2394,3380
2398,3780
2366,580
2370,980
2401,217
2413,1417
2417,1817
2421,2217
2425,2617
2429,3017
2433,3417
2405,617
2437,3817
2409,1017
2402,220
2414,1420
2418,1820
2422,2220
2426,2620
2430,3020
2434,3420
2438,3820
2406,620
2410,1020
2441,257
2453,1457
2457,1857
2461,2257
2465,2657
2469,3057
2473,3457
2445,657
2477,3857
2449,1057
2442,260
2454,1460
2458,1860
2462,2260
2466,2660
2470,3060
2474,3460
2478,3860
2446,660
2450,1060
2481,297
2493,1497
2497,1897
2501,2297
2505,2697
2509,3097
2513,3497
2485,697
2517,3897
2489,1097
2482,300
2494,1500
2498,1900
2502,2300
2506,2700
2510,3100
2514,3500
2518,3900
2486,700
2490,1100
2521,337
2533,1537
2537,1937
2541,2337
2545,2737
2549,3137
2553,3537
2525,737
2557,3937
2529,1137
2241,57
2253,1257
2257,1657
2261,2057
2265,2457
2269,2857
2273,3257
2245,457
2277,3657
2249,857
2522,340
2534,1540
2538,1940
2542,2340
2546,2740
2550,3140
2554,3540
2558,3940
2526,740
2530,1140
2561,377
2573,1577
2577,1977
2581,2377
2585,2777
2589,3177
2593,3577
2565,777
2597,3977
2569,1177
2562,380
2574,1580
2578,1980
2582,2380
2586,2780
2590,3180
2594,3580
2598,3980
2566,780
2570,1180
2242,60
2254,1260
2258,1660
2262,2060
2266,2460
2270,2860
2274,3260
2278,3660
2246,460
2250,860
2281,97
2293,1297
2297,1697
2301,2097
2305,2497
2309,2897
2313,3297
2285,497
2317,3697
2289,897
2282,100
2294,1300
2298,1700
2302,2100
2306,2500
2310,2900
2314,3300
2318,3700
2286,500
2290,900
1803,19
1815,1219
1819,1619
1823,2019
1827,2419
1831,2819
1835,3219
1839,3619
1807,419
1811,819
1804,18
1816,1218
1820,1618
1824,2018
1828,2418
1832,2818
1836,3218
1808,418
1840,3618
1812,818
1923,139
1935,1339
1939,1739
1943,2139
1947,2539
1951,2939
1955,3339
1959,3739
1927,539
1931,939
1924,138
1936,1338
1940,1738
1944,2138
1948,2538
1952,2938
1956,3338
1928,538
1960,3738
1932,938
1963,179
1975,1379
1979,1779
1983,2179
1987,2579
1991,2979
1995,3379
1999,3779
1967,579
1971,979
1964,178
1976,1378
1980,1778
1984,2178
1988,2578
1992,2978
1996,3378
1968,578
2000,3778
1972,978
2003,219
2015,1419
2019,1819
2023,2219
2027,2619
2031,3019
2035,3419
2039,3819
2007,619
2011,1019
2004,218
2016,1418
2020,1818
2024,2218
2028,2618
2032,3018
2036,3418
2008,618
2040,3818
2012,1018
2043,259
2055,1459
2059,1859
2063,2259
2067,2659
2071,3059
2075,3459
2079,3859
2047,659
2051,1059
2044,258
2056,1458
2060,1858
2064,2258
2068,2658
2072,3058
2076,3458
2048,658
2080,3858
2052,1058
2083,299
2095,1499
2099,1899
2103,2299
2107,2699
2111,3099
2115,3499
2119,3899
2087,699
2091,1099
2084,298
2096,1498
2100,1898
2104,2298
2108,2698
2112,3098
2116,3498
2088,698
2120,3898
2092,1098
2123,339
2135,1539
2139,1939
2143,2339
2147,2739
2151,3139
2155,3539
2159,3939
2127,739
2131,1139
1843,59
1855,1259
1859,1659
1863,2059
1867,2459
1871,2859
1875,3259
1879,3659
1847,459
1851,859
2124,338
2136,1538
2140,1938
2144,2338
2148,2738
2152,3138
2156,3538
2128,738
2160,3938
2132,1138
2163,379
2175,1579
2179,1979
2183,2379
2187,2779
2191,3179
2195,3579
2199,3979
2167,779
2171,1179
2164,378
2176,1578
2180,1978
2184,2378
2188,2778
2192,3178
2196,3578
2168,778
2200,3978
2172,1178
1844,58
1856,1258
1860,1658
1864,2058
1868,2458
1872,2858
1876,3258
1848,458
1880,3658
1852,858
1883,99
1895,1299
1899,1699
1903,2099
1907,2499
1911,2899
1915,3299
1919,3699
1887,499
1891,899
1884,98
1896,1298
1900,1698
1904,2098
1908,2498
1912,2898
1916,3298
1888,498
1920,3698
1892,898
1801,21
1813,1221
1817,1621
1821,2021
1825,2421
1829,2821
1833,3221
1805,421
1837,3621
1809,821
1802,24
1814,1224
1818,1624
1822,2024
1826,2424
1830,2824
1834,3224
1838,3624
1806,424
1810,824
1921,141
1933,1341
1937,1741
1941,2141
1945,2541
1949,2941
1953,3341
1925,541
1957,3741
1929,941
1922,144
1934,1344
1938,1744
1942,2144
1946,2544
1950,2944
1954,3344
1958,3744
1926,544
1930,944
1961,181
1973,1381
1977,1781
1981,2181
1985,2581
1989,2981
1993,3381
1965,581
1997,3781
1969,981
1962,184
1974,1384
1978,1784
1982,2184
1986,2584
1990,2984
1994,3384
1998,3784
1966,584
1970,984
2001,221
2013,1421
2017,1821
2021,2221
2025,2621
2029,3021
2033,3421
2005,621
2037,3821
2009,1021
2002,224
2014,1424
2018,1824
2022,2224
2026,2624
2030,3024
2034,3424
2038,3824
2006,624
2010,1024
2041,261
2053,1461
2057,1861
2061,2261
2065,2661
2069,3061
2073,3461
2045,661
2077,3861
2049,1061
2042,264
2054,1464
2058,1864
2062,2264
2066,2664
2070,3064
2074,3464
2078,3864
2046,664
2050,1064
2081,301
2093,1501
2097,1901
2101,2301
2105,2701
2109,3101
2113,3501
2085,701
2117,3901
2089,1101
2082,304
2094,1504
2098,1904
2102,2304
2106,2704
2110,3104
2114,3504
2118,3904
2086,704
2090,1104
2121,341
2133,1541
2137,1941
2141,2341
2145,2741
2149,3141
2153,3541
2125,741
2157,3941
2129,1141
1841,61
1853,1261
1857,1661
1861,2061
1865,2461
1869,2861
1873,3261
1845,461
1877,3661
1849,861
2122,344
2134,1544
2138,1944
2142,2344
2146,2744
2150,3144
2154,3544
2158,3944
2126,744
2130,1144
2161,381
2173,1581
2177,1981
2181,2381
2185,2781
2189,3181
2193,3581
2165,781
2197,3981
2169,1181
2162,384
2174,1584
2178,1984
2182,2384
2186,2784
2190,3184
2194,3584
2198,3984
2166,784
2170,1184
1842,64
1854,1264
1858,1664
1862,2064
1866,2464
1870,2864
1874,3264
1878,3664
1846,464
1850,864
1881,101
1893,1301
1897,1701
1901,2101
1905,2501
1909,2901
1913,3301
1885,501
1917,3701
1889,901
1882,104
1894,1304
1898,1704
1902,2104
1906,2504
1910,2904
1914,3304
1918,3704
1886,504
1890,904
1403,23
1415,1223
1419,1623
1423,2023
1427,2423
1431,2823
1435,3223
1439,3623
1407,423
1411,823
1404,22
1416,1222
1420,1622
1424,2022
1428,2422
1432,2822
1436,3222
1408,422
1440,3622
1412,822
1523,143
1535,1343
1539,1743
1543,2143
1547,2543
1551,2943
1555,3343
1559,3743
1527,543
1531,943
1524,142
1536,1342
1540,1742
1544,2142
1548,2542
1552,2942
1556,3342
1528,542
1560,3742
1532,942
1563,183
1575,1383
1579,1783
1583,2183
1587,2583
1591,2983
1595,3383
1599,3783
1567,583
1571,983
1564,182
1576,1382
1580,1782
1584,2182
1588,2582
1592,2982
1596,3382
1568,582
1600,3782
1572,982
1603,223
1615,1423
1619,1823
1623,2223
1627,2623
1631,3023
1635,3423
1639,3823
1607,623
1611,1023
1604,222
1616,1422
1620,1822
1624,2222
1628,2622
1632,3022
1636,3422
1608,622
1640,3822
1612,1022
1643,263
1655,1463
1659,1863
1663,2263
1667,2663
1671,3063
1675,3463
1679,3863
1647,663
1651,1063
1644,262
1656,1462
1660,1862
1664,2262
1668,2662
1672,3062
1676,3462
1648,662
1680,3862
1652,1062
1683,303
1695,1503
1699,1903
1703,2303
1707,2703
1711,3103
1715,3503
1719,3903
1687,703
1691,1103
1684,302
1696,1502
1700,1902
1704,2302
1708,2702
1712,3102
1716,3502
1688,702
1720,3902
1692,1102
1723,343
1735,1543
1739,1943
1743,2343
1747,2743
1751,3143
1755,3543
1759,3943
1727,743
1731,1143
1443,63
1455,1263
1459,1663
1463,2063
1467,2463
1471,2863
1475,3263
1479,3663
1447,463
1451,863
1724,342
1736,1542
1740,1942
1744,2342
1748,2742
1752,3142
1756,3542
1728,742
1760,3942
1732,1142
1763,383
1775,1583
1779,1983
1783,2383
1787,2783
1791,3183
1795,3583
1799,3983
1767,783
1771,1183
1764,382
1776,1582
1780,1982
1784,2382
1788,2782
1792,3182
1796,3582
1768,782
1800,3982
1772,1182
1444,62
1456,1262
1460,1662
1464,2062
1468,2462
1472,2862
1476,3262
1448,462
1480,3662
1452,862
1483,103
1495,1303
1499,1703
1503,2103
1507,2503
1511,2903
1515,3303
1519,3703
1487,503
1491,903
1484,102
1496,1302
1500,1702
1504,2102
1508,2502
1512,2902
1516,3302
1488,502
1520,3702
1492,902
1401,25
1413,1225
1417,1625
1421,2025
1425,2425
1429,2825
1433,3225
1405,425
1437,3625
1409,825
1402,28
1414,1228
1418,1628
1422,2028
1426,2428
1430,2828
1434,3228
1438,3628
1406,428
1410,828
1521,145
1533,1345
1537,1745
1541,2145
1545,2545
1549,2945
1553,3345
1525,545
1557,3745
1529,945
1522,148
1534,1348
1538,1748
1542,2148
1546,2548
1550,2948
1554,3348
1558,3748
1526,548
1530,948
1561,185
1573,1385
1577,1785
1581,2185
1585,2585
1589,2985
1593,3385
1565,585
1597,3785
1569,985
1562,188
1574,1388
1578,1788
1582,2188
1586,2588
1590,2988
1594,3388
1598,3788
1566,588
1570,988
1601,225
1613,1425
1617,1825
1621,2225
1625,2625
1629,3025
1633,3425
1605,625
1637,3825
1609,1025
1602,228
1614,1428
1618,1828
1622,2228
1626,2628
1630,3028
1634,3428
1638,3828
1606,628
1610,1028
1641,265
1653,1465
1657,1865
1661,2265
1665,2665
1669,3065
1673,3465
1645,665
1677,3865
1649,1065
1642,268
1654,1468
1658,1868
1662,2268
1666,2668
1670,3068
1674,3468
1678,3868
1646,668
1650,1068
1681,305
1693,1505
1697,1905
1701,2305
1705,2705
1709,3105
1713,3505
1685,705
1717,3905
1689,1105
1682,308
1694,1508
1698,1908
1702,2308
1706,2708
1710,3108
1714,3508
1718,3908
1686,708
1690,1108
1721,345
1733,1545
1737,1945
1741,2345
1745,2745
1749,3145
1753,3545
1725,745
1757,3945
1729,1145
1441,65
1453,1265
1457,1665
1461,2065
1465,2465
1469,2865
1473,3265
1445,465
1477,3665
1449,865
1722,348
1734,1548
1738,1948
1742,2348
1746,2748
1750,3148
1754,3548
1758,3948
1726,748
1730,1148
1761,385
1773,1585
1777,1985
1781,2385
1785,2785
1789,3185
1793,3585
1765,785
1797,3985
1769,1185
1762,388
1774,1588
1778,1988
1782,2388
1786,2788
1790,3188
1794,3588
1798,3988
1766,788
1770,1188
1442,68
1454,1268
1458,1668
1462,2068
1466,2468
1470,2868
1474,3268
1478,3668
1446,468
1450,868
1481,105
1493,1305
1497,1705
1501,2105
1505,2505
1509,2905
1513,3305
1485,505
1517,3705
1489,905
1482,108
1494,1308
1498,1708
1502,2108
1506,2508
1510,2908
1514,3308
1518,3708
1486,508
1490,908
1003,27
1015,1227
1019,1627
1023,2027
1027,2427
1031,2827
1035,3227
1039,3627
1007,427
1011,827
1004,26
1016,1226
1020,1626
1024,2026
1028,2426
1032,2826
1036,3226
1008,426
1040,3626
1012,826
1123,147
1135,1347
1139,1747
1143,2147
1147,2547
1151,2947
1155,3347
1159,3747
1127,547
1131,947
1124,146
1136,1346
1140,1746
1144,2146
1148,2546
1152,2946
1156,3346
1128,546
1160,3746
1132,946
1163,187
1175,1387
1179,1787
1183,2187
1187,2587
1191,2987
1195,3387
1199,3787
1167,587
1171,987
1164,186
1176,1386
1180,1786
1184,2186
1188,2586
1192,2986
1196,3386
1168,586
1200,3786
1172,986
1203,227
1215,1427
1219,1827
1223,2227
1227,2627
1231,3027
1235,3427
1239,3827
1207,627
1211,1027
1204,226
1216,1426
1220,1826
1224,2226
1228,2626
1232,3026
1236,3426
1208,626
1240,3826
1212,1026
1243,267
1255,1467
1259,1867
1263,2267
1267,2667
1271,3067
1275,3467
1279,3867
1247,667
1251,1067
1244,266
1256,1466
1260,1866
1264,2266
1268,2666
1272,3066
1276,3466
1248,666
1280,3866
1252,1066
1283,307
1295,1507
1299,1907
1303,2307
1307,2707
1311,3107
1315,3507
1319,3907
1287,707
1291,1107
1284,306
1296,1506
1300,1906
1304,2306
1308,2706
1312,3106
1316,3506
1288,706
1320,3906
1292,1106
1323,347
1335,1547
1339,1947
1343,2347
1347,2747
1351,3147
1355,3547
1359,3947
1327,747
1331,1147
1043,67
1055,1267
1059,1667
1063,2067
1067,2467
1071,2867
1075,3267
1079,3667
1047,467
1051,867
1324,346
1336,1546
1340,1946
1344,2346
1348,2746
1352,3146
1356,3546
1328,746
1360,3946
1332,1146
1363,387
1375,1587
1379,1987
1383,2387
1387,2787
1391,3187
1395,3587
1399,3987
1367,787
1371,1187
1364,386
1376,1586
1380,1986
1384,2386
1388,2786
1392,3186
1396,3586
1368,786
1400,3986
1372,1186
1044,66
1056,1266
1060,1666
1064,2066
1068,2466
1072,2866
1076,3266
1048,466
1080,3666
1052,866
1083,107
1095,1307
1099,1707
1103,2107
1107,2507
1111,2907
1115,3307
1119,3707
1087,507
1091,907
1084,106
1096,1306
1100,1706
1104,2106
1108,2506
1112,2906
1116,3306
1088,506
1120,3706
1092,906
1001,29
1013,1229
1017,1629
1021,2029
1025,2429
1029,2829
1033,3229
1005,429
1037,3629
1009,829
1002,32
1014,1232
1018,1632
1022,2032
1026,2432
1030,2832
1034,3232
1038,3632
1006,432
1010,832
1121,149
1133,1349
1137,1749
1141,2149
1145,2549
1149,2949
1153,3349
1125,549
1157,3749
1129,949
1122,152
1134,1352
1138,1752
1142,2152
1146,2552
1150,2952
1154,3352
1158,3752
1126,552
1130,952
1161,189
1173,1389
1177,1789
1181,2189
1185,2589
1189,2989
1193,3389
1165,589
1197,3789
1169,989
1162,192
1174,1392
1178,1792
1182,2192
1186,2592
1190,2992
1194,3392
1198,3792
1166,592
1170,992
1201,229
1213,1429
1217,1829
1221,2229
1225,2629
1229,3029
1233,3429
1205,629
1237,3829
1209,1029
1202,232
1214,1432
1218,1832
1222,2232
1226,2632
1230,3032
1234,3432
1238,3832
1206,632
1210,1032
1241,269
1253,1469
1257,1869
1261,2269
1265,2669
1269,3069
1273,3469
1245,669
1277,3869
1249,1069
1242,272
1254,1472
1258,1872
1262,2272
1266,2672
1270,3072
1274,3472
1278,3872
1246,672
1250,1072
1281,309
1293,1509
1297,1909
1301,2309
1305,2709
1309,3109
1313,3509
1285,709
1317,3909
1289,1109
1282,312
1294,1512
1298,1912
1302,2312
1306,2712
1310,3112
1314,3512
1318,3912
1286,712
1290,1112
1321,349
1333,1549
1337,1949
1341,2349
1345,2749
1349,3149
1353,3549
1325,749
1357,3949
1329,1149
1041,69
1053,1269
1057,1669
1061,2069
1065,2469
1069,2869
1073,3269
1045,469
1077,3669
1049,869
1322,352
1334,1552
1338,1952
1342,2352
1346,2752
1350,3152
1354,3552
1358,3952
1326,752
1330,1152
1361,389
1373,1589
1377,1989
1381,2389
1385,2789
1389,3189
1393,3589
1365,789
1397,3989
1369,1189
1362,392
1374,1592
1378,1992
1382,2392
1386,2792
1390,3192
1394,3592
1398,3992
1366,792
1370,1192
1042,72
1054,1272
1058,1672
1062,2072
1066,2472
1070,2872
1074,3272
1078,3672
1046,472
1050,872
1081,109
1093,1309
1097,1709
1101,2109
1105,2509
1109,2909
1113,3309
1085,509
1117,3709
1089,909
1082,112
1094,1312
1098,1712
1102,2112
1106,2512
1110,2912
1114,3312
1118,3712
1086,512
1090,912
603,31
615,1231
619,1631
623,2031
627,2431
631,2831
635,3231
639,3631
607,431
611,831
604,30
616,1230
620,1630
624,2030
628,2430
632,2830
636,3230
608,430
640,3630
612,830
723,151
735,1351
739,1751
743,2151
747,2551
751,2951
755,3351
759,3751
727,551
731,951
724,150
736,1350
740,1750
744,2150
748,2550
752,2950
756,3350
728,550
760,3750
732,950
763,191
775,1391
779,1791
783,2191
787,2591
791,2991
795,3391
799,3791
767,591
771,991
764,190
776,1390
780,1790
784,2190
788,2590
792,2990
796,3390
768,590
800,3790
772,990
803,231
815,1431
819,1831
823,2231
827,2631
831,3031
835,3431
839,3831
807,631
811,1031
804,230
816,1430
820,1830
824,2230
828,2630
832,3030
836,3430
808,630
840,3830
812,1030
843,271
855,1471
859,1871
863,2271
867,2671
871,3071
875,3471
879,3871
847,671
851,1071
844,270
856,1470
860,1870
864,2270
868,2670
872,3070
876,3470
848,670
880,3870
852,1070
883,311
895,1511
899,1911
903,2311
907,2711
911,3111
915,3511
919,3911
887,711
891,1111
884,310
896,1510
900,1910
904,2310
908,2710
912,3110
916,3510
888,710
920,3910
892,1110
923,351
935,1551
939,1951
943,2351
947,2751
951,3151
955,3551
959,3951
927,751
931,1151
643,71
655,1271
659,1671
663,2071
667,2471
671,2871
675,3271
679,3671
647,471
651,871
924,350
936,1550
940,1950
944,2350
948,2750
952,3150
956,3550
928,750
960,3950
932,1150
963,391
975,1591
979,1991
983,2391
987,2791
991,3191
995,3591
999,3991
967,791
971,1191
964,390
976,1590
980,1990
984,2390
988,2790
992,3190
996,3590
968,790
1000,3990
972,1190
644,70
656,1270
660,1670
664,2070
668,2470
672,2870
676,3270
648,470
680,3670
652,870
683,111
695,1311
699,1711
703,2111
707,2511
711,2911
715,3311
719,3711
687,511
691,911
684,110
696,1310
700,1710
704,2110
708,2510
712,2910
716,3310
688,510
720,3710
692,910
601,33
613,1233
617,1633
621,2033
625,2433
629,2833
633,3233
605,433
637,3633
609,833
602,36
614,1236
618,1636
622,2036
626,2436
630,2836
634,3236
638,3636
606,436
610,836
721,153
733,1353
737,1753
741,2153
745,2553
749,2953
753,3353
725,553
757,3753
729,953
722,156
734,1356
738,1756
742,2156
746,2556
750,2956
754,3356
758,3756
726,556
730,956
761,193
773,1393
777,1793
781,2193
785,2593
789,2993
793,3393
765,593
797,3793
769,993
762,196
774,1396
778,1796
782,2196
786,2596
790,2996
794,3396
798,3796
766,596
770,996
801,233
813,1433
817,1833
821,2233
825,2633
829,3033
833,3433
805,633
837,3833
809,1033
802,236
814,1436
818,1836
822,2236
826,2636
830,3036
834,3436
838,3836
806,636
810,1036
841,273
853,1473
857,1873
861,2273
865,2673
869,3073
873,3473
845,673
877,3873
849,1073
842,276
854,1476
858,1876
862,2276
866,2676
870,3076
874,3476
878,3876
846,676
850,1076
881,313
893,1513
897,1913
901,2313
905,2713
909,3113
913,3513
885,713
917,3913
889,1113
882,316
894,1516
898,1916
902,2316
906,2716
910,3116
914,3516
918,3916
886,716
890,1116
921,353
933,1553
937,1953
941,2353
945,2753
949,3153
953,3553
925,753
957,3953
929,1153
641,73
653,1273
657,1673
661,2073
665,2473
669,2873
673,3273
645,473
677,3673
649,873
922,356
934,1556
938,1956
942,2356
946,2756
950,3156
954,3556
958,3956
926,756
930,1156
961,393
973,1593
977,1993
981,2393
985,2793
989,3193
993,3593
965,793
997,3993
969,1193
962,396
974,1596
978,1996
982,2396
986,2796
990,3196
994,3596
998,3996
966,796
970,1196
642,76
654,1276
658,1676
662,2076
666,2476
670,2876
674,3276
678,3676
646,476
650,876
681,113
693,1313
697,1713
701,2113
705,2513
709,2913
713,3313
685,513
717,3713
689,913
682,116
694,1316
698,1716
702,2116
706,2516
710,2916
714,3316
718,3716
686,516
690,916
3401,5
3413,1205
3417,1605
3421,2005
3425,2405
3429,2805
3433,3205
3405,405
3437,3605
3409,805
3402,8
3414,1208
3418,1608
3422,2008
3426,2408
3430,2808
3434,3208
3438,3608
3406,408
3410,808
3521,125
3533,1325
3537,1725
3541,2125
3545,2525
3549,2925
3553,3325
3525,525
3557,3725
3529,925
3522,128
3534,1328
3538,1728
3542,2128
3546,2528
3550,2928
3554,3328
3558,3728
3526,528
3530,928
3561,165
3573,1365
3577,1765
3581,2165
3585,2565
3589,2965
3593,3365
3565,565
3597,3765
3569,965
3562,168
3574,1368
3578,1768
3582,2168
3586,2568
3590,2968
3594,3368
3598,3768
3566,568
3570,968
3601,205
3613,1405
3617,1805
3621,2205
3625,2605
3629,3005
3633,3405
3605,605
3637,3805
3609,1005
3602,208
3614,1408
3618,1808
3622,2208
3626,2608
3630,3008
3634,3408
3638,3808
3606,608
3610,1008
3641,245
3653,1445
3657,1845
3661,2245
3665,2645
3669,3045
3673,3445
3645,645
3677,3845
3649,1045
3642,248
3654,1448
3658,1848
3662,2248
3666,2648
3670,3048
3674,3448
3678,3848
3646,648
3650,1048
3681,285
3693,1485
3697,1885
3701,2285
3705,2685
3709,3085
3713,3485
3685,685
3717,3885
3689,1085
3682,288
3694,1488
3698,1888
3702,2288
3706,2688
3710,3088
3714,3488
3718,3888
3686,688
3690,1088
3721,325
3733,1525
3737,1925
3741,2325
3745,2725
3749,3125
3753,3525
3725,725
3757,3925
3729,1125
3441,45
3453,1245
3457,1645
3461,2045
3465,2445
3469,2845
3473,3245
3445,445
3477,3645
3449,845
3722,328
3734,1528
3738,1928
3742,2328
3746,2728
3750,3128
3754,3528
3758,3928
3726,728
3730,1128
3761,365
3773,1565
3777,1965
3781,2365
3785,2765
3789,3165
3793,3565
3765,765
3797,3965
3769,1165
3762,368
3774,1568
3778,1968
3782,2368
3786,2768
3790,3168
3794,3568
3798,3968
3766,768
3770,1168
3442,48
3454,1248
3458,1648
3462,2048
3466,2448
3470,2848
3474,3248
3478,3648
3446,448
3450,848
3481,85
3493,1285
3497,1685
3501,2085
3505,2485
3509,2885
3513,3285
3485,485
3517,3685
3489,885
3482,88
3494,1288
3498,1688
3502,2088
3506,2488
3510,2888
3514,3288
3518,3688
3486,488
3490,888
203,35
215,1235
219,1635
223,2035
227,2435
231,2835
235,3235
239,3635
207,435
211,835
204,34
216,1234
220,1634
224,2034
228,2434
232,2834
236,3234
208,434
240,3634
212,834
323,155
335,1355
339,1755
343,2155
347,2555
351,2955
355,3355
359,3755
327,555
331,955
324,154
336,1354
340,1754
344,2154
348,2554
352,2954
356,3354
328,554
360,3754
332,954
363,195
375,1395
379,1795
383,2195
387,2595
391,2995
395,3395
399,3795
367,595
371,995
364,194
376,1394
380,1794
384,2194
388,2594
392,2994
396,3394
368,594
400,3794
372,994
403,235
415,1435
419,1835
423,2235
427,2635
431,3035
435,3435
439,3835
407,635
411,1035
404,234
416,1434
420,1834
424,2234
428,2634
432,3034
436,3434
408,634
440,3834
412,1034
443,275
455,1475
459,1875
463,2275
467,2675
471,3075
475,3475
479,3875
447,675
451,1075
444,274
456,1474
460,1874
464,2274
468,2674
472,3074
476,3474
448,674
480,3874
452,1074
483,315
495,1515
499,1915
503,2315
507,2715
511,3115
515,3515
519,3915
487,715
491,1115
484,314
496,1514
500,1914
504,2314
508,2714
512,3114
516,3514
488,714
520,3914
492,1114
523,355
535,1555
539,1955
543,2355
547,2755
551,3155
555,3555
559,3955
527,755
531,1155
243,75
255,1275
259,1675
263,2075
267,2475
271,2875
275,3275
279,3675
247,475
251,875
524,354
536,1554
540,1954
544,2354
548,2754
552,3154
556,3554
528,754
560,3954
532,1154
563,395
575,1595
579,1995
583,2395
587,2795
591,3195
595,3595
599,3995
567,795
571,1195
564,394
576,1594
580,1994
584,2394
588,2794
592,3194
596,3594
568,794
600,3994
572,1194
244,74
256,1274
260,1674
264,2074
268,2474
272,2874
276,3274
248,474
280,3674
252,874
283,115
295,1315
299,1715
303,2115
307,2515
311,2915
315,3315
319,3715
287,515
291,915
284,114
296,1314
300,1714
304,2114
308,2514
312,2914
316,3314
288,514
320,3714
292,914
201,37
213,1237
217,1637
221,2037
225,2437
229,2837
233,3237
205,437
237,3637
209,837
202,40
214,1240
218,1640
222,2040
226,2440
230,2840
234,3240
238,3640
206,440
210,840
321,157
333,1357
337,1757
341,2157
345,2557
349,2957
353,3357
325,557
357,3757
329,957
322,160
334,1360
338,1760
342,2160
346,2560
350,2960
354,3360
358,3760
326,560
330,960
361,197
373,1397
377,1797
381,2197
385,2597
389,2997
393,3397
365,597
397,3797
369,997
362,200
374,1400
378,1800
382,2200
386,2600
390,3000
394,3400
398,3800
366,600
370,1000
401,237
413,1437
417,1837
421,2237
425,2637
429,3037
433,3437
405,637
437,3837
409,1037
402,240
414,1440
418,1840
422,2240
426,2640
430,3040
434,3440
438,3840
406,640
410,1040
441,277
453,1477
457,1877
461,2277
465,2677
469,3077
473,3477
445,677
477,3877
449,1077
442,280
454,1480
458,1880
462,2280
466,2680
470,3080
474,3480
478,3880
446,680
450,1080
481,317
493,1517
497,1917
501,2317
505,2717
509,3117
513,3517
485,717
517,3917
489,1117
482,320
494,1520
498,1920
502,2320
506,2720
510,3120
514,3520
518,3920
486,720
490,1120
521,357
533,1557
537,1957
541,2357
545,2757
549,3157
553,3557
525,757
557,3957
529,1157
241,77
253,1277
257,1677
261,2077
265,2477
269,2877
273,3277
245,477
277,3677
249,877
522,360
534,1560
538,1960
542,2360
546,2760
550,3160
554,3560
558,3960
526,760
530,1160
561,397
573,1597
577,1997
581,2397
585,2797
589,3197
593,3597
565,797
597,3997
569,1197
562,400
574,1600
578,2000
582,2400
586,2800
590,3200
594,3600
598,4000
566,800
570,1200
242,80
254,1280
258,1680
262,2080
266,2480
270,2880
274,3280
278,3680
246,480
250,880
281,117
293,1317
297,1717
301,2117
305,2517
309,2917
313,3317
285,517
317,3717
289,917
282,120
294,1320
298,1720
302,2120
306,2520
310,2920
314,3320
318,3720
286,520
290,920
1,39
7,1239
9,1639
11,2039
13,2439
15,2839
17,3239
19,3639
3,439
5,839
2,38
8,1238
10,1638
12,2038
14,2438
16,2838
18,3238
4,438
20,3638
6,838
61,159
67,1359
69,1759
71,2159
73,2559
75,2959
77,3359
79,3759
63,559
65,959
62,158
68,1358
70,1758
72,2158
74,2558
76,2958
78,3358
64,558
80,3758
66,958
81,199
87,1399
89,1799
91,2199
93,2599
95,2999
97,3399
99,3799
83,599
85,999
82,198
88,1398
90,1798
92,2198
94,2598
96,2998
98,3398
84,598
100,3798
86,998
101,239
107,1439
109,1839
111,2239
113,2639
115,3039
117,3439
119,3839
103,639
105,1039
102,238
108,1438
110,1838
112,2238
114,2638
116,3038
118,3438
104,638
120,3838
106,1038
121,279
127,1479
129,1879
131,2279
133,2679
135,3079
137,3479
139,3879
123,679
125,1079
122,278
128,1478
130,1878
132,2278
134,2678
136,3078
138,3478
124,678
140,3878
126,1078
141,319
147,1519
149,1919
151,2319
153,2719
155,3119
157,3519
159,3919
143,719
145,1119
142,318
148,1518
150,1918
152,2318
154,2718
156,3118
158,3518
144,718
160,3918
146,1118
161,359
167,1559
169,1959
171,2359
173,2759
175,3159
177,3559
179,3959
163,759
165,1159
21,79
27,1279
29,1679
31,2079
33,2479
35,2879
37,3279
39,3679
23,479
25,879
162,358
168,1558
170,1958
172,2358
174,2758
176,3158
178,3558
164,758
180,3958
166,1158
181,399
187,1599
189,1999
191,2399
193,2799
195,3199
197,3599
199,3999
183,799
185,1199
182,398
188,1598
190,1998
192,2398
194,2798
196,3198
198,3598
184,798
200,3998
186,1198
22,78
28,1278
30,1678
32,2078
34,2478
36,2878
38,3278
24,478
40,3678
26,878
41,119
47,1319
49,1719
51,2119
53,2519
55,2919
57,3319
59,3719
43,519
45,919
42,118
48,1318
50,1718
52,2118
54,2518
56,2918
58,3318
44,518
60,3718
46,918
3003,7
3015,1207
3019,1607
3023,2007
3027,2407
3031,2807
3035,3207
3039,3607
3007,407
3011,807
3004,6
3016,1206
3020,1606
3024,2006
3028,2406
3032,2806
3036,3206
3008,406
3040,3606
3012,806
3123,127
3135,1327
3139,1727
3143,2127
3147,2527
3151,2927
3155,3327
3159,3727
3127,527
3131,927
3124,126
3136,1326
3140,1726
3144,2126
3148,2526
3152,2926
3156,3326
3128,526
3160,3726
3132,926
3163,167
3175,1367
3179,1767
3183,2167
3187,2567
3191,2967
3195,3367
3199,3767
3167,567
3171,967
3164,166
3176,1366
3180,1766
3184,2166
3188,2566
3192,2966
3196,3366
3168,566
3200,3766
3172,966
3203,207
3215,1407
3219,1807
3223,2207
3227,2607
3231,3007
3235,3407
3239,3807
3207,607
3211,1007
3204,206
3216,1406
3220,1806
3224,2206
3228,2606
3232,3006
3236,3406
3208,606
3240,3806
3212,1006
3243,247
3255,1447
3259,1847
3263,2247
3267,2647
3271,3047
3275,3447
3279,3847
3247,647
3251,1047
3244,246
3256,1446
3260,1846
3264,2246
3268,2646
3272,3046
3276,3446
3248,646
3280,3846
3252,1046
3283,287
3295,1487
3299,1887
3303,2287
3307,2687
3311,3087
3315,3487
3319,3887
3287,687
3291,1087
3284,286
3296,1486
3300,1886
3304,2286
3308,2686
3312,3086
3316,3486
3288,686
3320,3886
3292,1086
3323,327
3335,1527
3339,1927
3343,2327
3347,2727
3351,3127
3355,3527
3359,3927
3327,727
3331,1127
3043,47
3055,1247
3059,1647
3063,2047
3067,2447
3071,2847
3075,3247
3079,3647
3047,447
3051,847
3324,326
3336,1526
3340,1926
3344,2326
3348,2726
3352,3126
3356,3526
3328,726
3360,3926
3332,1126
3363,367
3375,1567
3379,1967
3383,2367
3387,2767
3391,3167
3395,3567
3399,3967
3367,767
3371,1167
3364,366
3376,1566
3380,1966
3384,2366
3388,2766
3392,3166
3396,3566
3368,766
3400,3966
3372,1166
3044,46
3056,1246
3060,1646
3064,2046
3068,2446
3072,2846
3076,3246
3048,446
3080,3646
3052,846
3083,87
3095,1287
3099,1687
3103,2087
3107,2487
3111,2887
3115,3287
3119,3687
3087,487
3091,887
3084,86
3096,1286
3100,1686
3104,2086
3108,2486
3112,2886
3116,3286
3088,486
3120,3686
3092,886
3001,9
3013,1209
3017,1609
3021,2009
3025,2409
3029,2809
3033,3209
3005,409
3037,3609
3009,809
3002,12
3014,1212
3018,1612
3022,2012
3026,2412
3030,2812
3034,3212
3038,3612
3006,412
3010,812
3121,129
3133,1329
3137,1729
3141,2129
3145,2529
3149,2929
3153,3329
3125,529
3157,3729
3129,929
3122,132
3134,1332
3138,1732
3142,2132
3146,2532
3150,2932
3154,3332
3158,3732
3126,532
3130,932
3161,169
3173,1369
3177,1769
3181,2169
3185,2569
3189,2969
3193,3369
3165,569
3197,3769
3169,969
3162,172
3174,1372
3178,1772
3182,2172
3186,2572
3190,2972
3194,3372
3198,3772
3166,572
3170,972
3201,209
3213,1409
3217,1809
3221,2209
3225,2609
3229,3009
3233,3409
3205,609
3237,3809
3209,1009
3202,212
3214,1412
3218,1812
3222,2212
3226,2612
3230,3012
3234,3412
3238,3812
3206,612
3210,1012
3241,249
3253,1449
3257,1849
3261,2249
3265,2649
3269,3049
3273,3449
3245,649
3277,3849
3249,1049
3242,252
3254,1452
3258,1852
3262,2252
3266,2652
3270,3052
3274,3452
3278,3852
3246,652
3250,1052
3281,289
3293,1489
3297,1889
3301,2289
3305,2689
3309,3089
3313,3489
3285,689
3317,3889
3289,1089
3282,292
3294,1492
3298,1892
3302,2292
3306,2692
3310,3092
3314,3492
3318,3892
3286,692
3290,1092
3321,329
3333,1529
3337,1929
3341,2329
3345,2729
3349,3129
3353,3529
3325,729
3357,3929
3329,1129
3041,49
3053,1249
3057,1649
3061,2049
3065,2449
3069,2849
3073,3249
3045,449
3077,3649
3049,849
3322,332
3334,1532
3338,1932
3342,2332
3346,2732
3350,3132
3354,3532
3358,3932
3326,732
3330,1132
3361,369
3373,1569
3377,1969
3381,2369
3385,2769
3389,3169
3393,3569
3365,769
3397,3969
3369,1169
3362,372
3374,1572
3378,1972
3382,2372
3386,2772
3390,3172
3394,3572
3398,3972
3366,772
3370,1172
3042,52
3054,1252
3058,1652
3062,2052
3066,2452
3070,2852
3074,3252
3078,3652
3046,452
3050,852
3081,89
3093,1289
3097,1689
3101,2089
3105,2489
3109,2889
3113,3289
3085,489
3117,3689
3089,889
3082,92
3094,1292
3098,1692
3102,2092
3106,2492
3110,2892
3114,3292
3118,3692
3086,492
3090,892
2603,11
2615,1211
2619,1611
2623,2011
2627,2411
2631,2811
2635,3211
2639,3611
2607,411
2611,811
2604,10
2616,1210
2620,1610
2624,2010
2628,2410
2632,2810
2636,3210
2608,410
2640,3610
2612,810
2723,131
2735,1331
2739,1731
2743,2131
2747,2531
2751,2931
2755,3331
2759,3731
2727,531
2731,931
2724,130
2736,1330
2740,1730
2744,2130
2748,2530
2752,2930
2756,3330
2728,530
2760,3730
2732,930
2763,171
2775,1371
2779,1771
2783,2171
2787,2571
2791,2971
2795,3371
2799,3771
2767,571
2771,971
2764,170
2776,1370
2780,1770
2784,2170
2788,2570
2792,2970
2796,3370
2768,570
2800,3770
2772,970
2803,211
2815,1411
2819,1811
2823,2211
2827,2611
2831,3011
2835,3411
2839,3811
2807,611
2811,1011
2804,210
2816,1410
2820,1810
2824,2210
2828,2610
2832,3010
2836,3410
2808,610
2840,3810
2812,1010
2843,251
2855,1451
2859,1851
2863,2251
2867,2651
2871,3051
2875,3451
2879,3851
2847,651
2851,1051
2844,250
2856,1450
2860,1850
2864,2250
2868,2650
2872,3050
2876,3450
2848,650
2880,3850
2852,1050
2883,291
2895,1491
2899,1891
2903,2291
2907,2691
2911,3091
2915,3491
2919,3891
2887,691
2891,1091
2884,290
2896,1490
2900,1890
2904,2290
2908,2690
2912,3090
2916,3490
2888,690
2920,3890
2892,1090
2923,331
2935,1531
2939,1931
2943,2331
2947,2731
2951,3131
2955,3531
2959,3931
2927,731
2931,1131
2643,51
2655,1251
2659,1651
2663,2051
2667,2451
2671,2851
2675,3251
2679,3651
2647,451
2651,851
2924,330
2936,1530
2940,1930
2944,2330
2948,2730
2952,3130
2956,3530
2928,730
2960,3930
2932,1130
2963,371
2975,1571
2979,1971
2983,2371
2987,2771
2991,3171
2995,3571
2999,3971
2967,771
2971,1171
2964,370
2976,1570
2980,1970
2984,2370
2988,2770
2992,3170
2996,3570
2968,770
3000,3970
2972,1170
2644,50
2656,1250
2660,1650
2664,2050
2668,2450
2672,2850
2676,3250
2648,450
2680,3650
2652,850
2683,91
2695,1291
2699,1691
2703,2091
2707,2491
2711,2891
2715,3291
2719,3691
2687,491
2691,891
2684,90
2696,1290
2700,1690
2704,2090
2708,2490
2712,2890
2716,3290
2688,490
2720,3690
2692,890